,0,1,2,3,4,5
0,73.0,31.0,19.0,33.0,5.0,73.0
1,39.0,29.0,4.0,33.0,3.0,39.0
2,51.0,30.0,7.0,36.0,3.0,51.0
3,45.0,33.0,7.0,63.0,7.0,63.0
4,54.0,30.0,16.0,68.0,9.0,68.0
5,34.0,30.0,9.0,65.0,8.0,65.0
6,48.0,31.0,5.0,62.0,4.0,62.0
7,37.0,31.0,10.0,52.0,5.0,52.0
8,30.0,31.0,6.0,68.0,4.0,68.0
9,54.0,32.0,21.0,66.0,9.0,66.0
10,40.0,30.0,13.0,54.0,9.0,54.0
11,22.0,30.0,7.0,32.0,3.0,32.0
12,22.0,29.0,3.0,29.0,1.0,29.0
13,23.0,29.0,4.0,29.0,1.0,29.0
14,35.0,20.8,12.0,30.8,7.0,35.0
15,41.0,14.0,16.2,34.2,8.4,41.0
16,15.0,29.0,4.0,31.0,2.0,31.0
17,26.0,29.0,7.0,30.0,4.0,30.0
18,24.0,29.0,4.0,29.0,2.6,29.0
19,27.0,30.0,5.0,30.0,4.0,30.0
20,47.0,32.0,10.0,55.0,4.0,55.0
21,54.0,32.0,10.0,50.0,5.0,54.0
22,45.0,33.0,6.0,48.0,4.0,48.0
23,18.8,16.8,5.0,26.6,3.0,5.0
24,30.0,30.0,5.8,29.0,3.8,30.0
25,39.0,32.0,7.0,53.0,3.0,53.0
26,57.0,33.0,13.0,60.0,8.0,60.0
27,41.0,31.0,10.0,44.0,4.0,44.0
28,27.0,30.0,9.0,32.0,5.0,32.0
29,30.0,31.0,14.0,54.0,2.0,54.0
30,32.0,31.0,8.0,41.0,4.0,41.0
31,26.0,32.0,9.0,44.0,4.0,44.0
32,24.0,31.0,8.0,37.0,4.0,37.0
33,39.0,30.0,12.0,30.0,7.0,39.0
34,14.0,30.0,3.0,24.0,1.8,30.0
35,13.0,52.4,44.6,18.6,53.4,13.0
36,13.0,52.4,44.6,18.6,53.4,13.0
37,19.0,32.6,30.6,23.0,49.4,19.0
38,26.0,31.0,4.0,33.0,3.2,33.0
39,23.0,31.0,6.0,28.0,3.0,31.0
40,16.0,31.0,5.0,40.0,3.0,40.0
41,27.0,31.0,8.0,45.0,4.0,45.0
42,34.0,30.0,13.0,43.0,7.0,43.0
43,37.0,31.0,10.0,56.0,7.0,56.0
44,34.0,32.0,19.0,58.0,8.0,58.0
45,23.0,32.0,5.0,51.0,6.0,51.0
46,25.0,31.0,7.0,55.0,6.0,55.0
47,34.0,13.4,9.0,32.2,4.6,34.0
48,44.0,20.4,18.6,42.2,7.0,44.0
49,71.0,31.0,23.0,47.0,10.0,71.0
50,60.0,31.0,20.0,36.0,8.0,60.0
51,45.0,31.0,34.0,45.0,10.0,45.0
52,56.0,34.0,20.0,76.0,8.0,76.0
53,43.0,32.0,13.0,112.0,9.0,112.0
54,41.0,31.0,15.0,106.0,7.0,106.0
55,48.0,31.0,9.0,69.0,5.0,69.0
56,39.0,31.0,14.0,123.0,11.0,123.0
57,32.0,31.0,9.0,81.0,4.0,81.0
58,55.0,31.0,22.0,98.0,11.0,98.0
59,58.0,32.0,16.0,83.0,8.0,83.0
60,49.0,35.0,24.0,75.0,6.0,75.0
61,51.0,31.0,20.0,66.0,8.0,66.0
62,34.0,31.0,17.0,112.0,6.0,112.0
63,48.0,32.0,16.0,107.0,9.0,107.0
64,47.0,32.0,10.0,63.0,5.0,63.0
65,49.0,32.0,16.0,69.0,10.0,69.0
66,30.0,32.0,12.0,58.0,7.0,58.0
67,44.0,33.0,11.0,95.0,12.0,95.0
68,68.0,32.0,21.0,81.0,11.0,81.0
69,61.0,32.0,19.0,120.0,10.0,120.0
70,61.0,32.0,21.0,84.0,9.0,84.0
71,65.0,32.0,19.0,71.0,12.0,71.0
72,62.0,34.0,11.0,46.0,5.0,62.0
73,61.0,33.0,8.0,40.0,5.0,61.0
74,49.0,34.0,8.0,76.0,4.0,76.0
75,69.0,34.0,11.0,76.0,11.0,76.0
76,51.0,32.0,9.0,58.0,6.0,58.0
77,51.44991108476586,22.036201780415432,16.99823943661972,68.13523131672598,9.91395908543923,77.0581797235023
78,51.44991108476586,22.036201780415432,16.99823943661972,68.13523131672598,9.91395908543923,77.0581797235023
79,51.44991108476586,22.036201780415432,16.99823943661972,68.13523131672598,9.91395908543923,77.0581797235023
80,47.0,40.0,11.0,53.0,9.0,53.0
81,53.0,42.0,24.0,65.0,11.0,65.0
82,66.0,50.0,44.0,125.0,8.0,125.0
83,58.0,43.0,15.0,73.0,7.0,73.0
84,63.0,54.0,32.0,35.0,7.0,63.0
85,50.0,47.0,13.0,83.0,9.0,83.0
86,53.0,47.0,25.0,47.0,7.0,53.0
87,54.0,50.0,17.0,42.0,6.0,54.0
88,37.0,45.0,11.0,47.0,3.0,47.0
89,31.0,38.0,4.0,34.0,2.0,38.0
90,44.0,43.0,9.0,59.0,4.0,59.0
91,34.0,39.0,12.0,67.0,7.0,67.0
92,37.0,41.0,15.0,45.0,7.0,45.0
93,51.44991108476586,22.036201780415432,16.99823943661972,68.13523131672598,9.91395908543923,77.0581797235023
94,48.0,33.0,16.0,35.0,7.0,48.0
95,16.0,33.0,4.0,28.0,2.0,33.0
96,24.0,33.0,4.0,33.0,2.0,33.0
97,16.0,32.0,3.0,25.0,1.8,32.0
98,23.0,33.0,6.0,31.0,3.0,33.0
99,37.0,35.0,16.0,45.0,10.0,45.0
100,31.0,36.0,16.0,102.0,9.0,102.0
101,21.0,34.0,9.0,110.0,11.0,110.0
102,21.0,34.0,9.0,108.0,12.0,108.0
103,31.0,34.0,15.0,81.0,8.0,81.0
104,34.0,34.0,12.0,82.0,7.0,82.0
105,46.0,34.0,17.0,91.0,6.0,91.0
106,33.0,38.0,11.0,92.0,7.0,92.0
107,55.0,35.0,15.0,91.0,9.0,91.0
108,58.0,38.0,14.0,113.0,6.0,113.0
109,28.0,36.0,14.0,97.0,8.0,97.0
110,57.0,36.0,13.0,82.0,6.0,82.0
111,61.0,34.0,10.0,88.0,10.0,88.0
112,41.0,35.0,17.0,123.0,6.0,123.0
113,46.0,36.0,8.0,95.0,12.0,95.0
114,68.0,35.0,18.0,82.0,8.0,82.0
115,44.0,34.0,9.0,51.0,7.0,51.0
116,49.0,34.0,15.0,65.0,5.0,65.0
117,47.0,35.0,8.0,58.0,6.0,58.0
118,39.0,35.0,10.0,34.0,5.0,39.0
119,32.0,35.0,7.0,76.0,4.0,76.0
120,57.0,39.0,18.0,102.0,15.0,102.0
121,39.0,33.0,16.0,85.0,5.0,85.0
122,52.0,34.0,27.0,112.0,10.0,112.0
123,43.0,34.0,10.0,87.0,5.0,87.0
124,37.0,34.0,13.0,94.0,6.0,94.0
125,45.0,35.0,14.0,71.0,11.0,71.0
126,42.0,35.0,17.0,74.0,8.0,74.0
127,45.0,35.0,16.0,83.0,8.0,83.0
128,58.0,35.0,18.0,77.0,8.0,77.0
129,66.0,35.0,14.0,61.0,8.0,66.0
130,67.0,35.0,25.0,104.0,10.0,104.0
131,87.0,35.0,18.0,117.0,9.0,117.0
132,59.0,35.0,10.0,105.0,12.0,105.0
133,60.0,35.0,9.0,92.0,6.0,92.0
134,66.0,38.0,13.0,115.0,11.0,115.0
135,67.0,36.0,13.0,108.0,7.0,108.0
136,78.0,35.0,14.0,93.0,11.0,93.0
137,61.0,34.0,7.0,72.0,10.0,72.0
138,97.0,35.0,24.0,120.0,9.0,120.0
139,68.0,36.0,12.0,111.0,7.0,111.0
140,61.0,36.0,9.0,89.0,7.0,89.0
141,59.0,37.0,7.0,98.0,9.0,98.0
142,62.0,35.0,9.0,88.0,8.0,88.0
143,76.0,38.0,11.0,102.0,11.0,102.0
144,70.0,37.0,8.0,91.0,5.0,91.0
145,73.0,37.0,11.0,102.0,7.0,102.0
146,78.0,37.0,9.0,164.0,9.0,164.0
147,61.0,38.0,6.0,79.0,5.0,79.0
148,59.0,35.0,6.0,62.0,5.0,62.0
149,57.0,38.0,10.0,52.0,6.0,57.0
150,51.0,37.0,6.0,56.0,8.0,56.0
151,21.0,34.0,4.0,37.0,3.0,37.0
152,46.0,35.0,11.0,79.0,7.0,79.0
153,72.0,37.0,14.0,105.0,7.0,105.0
154,65.0,36.0,13.0,95.0,7.0,95.0
155,57.0,35.0,9.0,98.0,7.0,98.0
156,49.0,36.0,6.0,84.0,6.0,84.0
157,54.0,38.0,6.0,95.0,8.0,95.0
158,57.0,39.0,9.0,59.0,7.0,59.0
159,58.0,39.0,8.0,75.0,7.0,75.0
160,58.0,37.0,8.0,86.0,6.0,86.0
161,104.0,35.0,15.0,62.0,9.0,104.0
162,57.0,35.0,8.0,79.0,7.0,79.0
163,77.0,36.0,13.0,67.0,7.0,77.0
164,55.0,35.0,8.0,96.0,7.0,96.0
165,64.0,36.0,9.0,72.0,7.0,72.0
166,61.0,35.0,16.0,46.0,6.0,61.0
167,61.0,22.8,7.0,85.0,6.0,85.0
168,51.0,22.4,6.0,73.0,4.0,73.0
169,40.0,12.2,4.0,69.0,4.0,69.0
170,57.0,18.6,7.0,94.0,14.0,94.0
171,73.0,14.4,15.0,83.0,8.0,83.0
172,82.0,16.8,18.0,71.0,10.0,82.0
173,84.0,12.0,8.0,70.0,8.0,84.0
174,58.0,12.0,4.0,48.0,5.0,58.0
175,61.0,12.0,13.0,49.0,5.0,61.0
176,23.0,11.0,2.0,43.0,3.0,43.0
177,18.0,11.0,2.0,51.0,4.0,51.0
178,37.0,11.0,12.0,68.0,7.0,68.0
179,30.0,11.0,6.0,73.0,5.0,73.0
180,22.0,11.0,2.0,49.0,6.0,49.0
181,35.0,11.0,8.0,69.0,4.0,69.0
182,57.0,11.0,3.0,62.0,5.0,62.0
183,46.0,12.0,3.0,60.0,4.0,60.0
184,51.0,12.0,3.0,85.0,6.0,85.0
185,59.0,11.0,3.0,84.0,6.0,84.0
186,55.0,11.0,5.0,93.0,6.0,93.0
187,118.0,12.0,10.0,93.0,11.0,118.0
188,98.0,12.0,8.0,92.0,9.0,98.0
189,59.0,11.0,2.0,65.0,7.0,65.0
190,48.0,11.0,20.4,68.0,6.0,68.0
191,40.0,12.0,2.0,74.0,5.0,74.0
192,43.0,11.0,3.0,87.0,6.0,87.0
193,51.0,12.0,3.0,123.0,5.0,123.0
194,62.0,12.0,4.0,143.0,7.0,143.0
195,71.0,12.0,11.0,72.0,10.0,72.0
196,67.0,12.0,10.0,94.0,8.0,94.0
197,56.0,12.0,4.0,97.0,9.0,97.0
198,65.0,12.0,14.0,114.0,13.0,114.0
199,78.0,12.0,5.0,111.0,10.0,111.0
200,68.0,12.0,4.0,122.0,15.0,122.0
201,54.0,12.0,3.0,97.0,10.0,97.0
202,54.0,12.0,4.0,155.0,8.0,155.0
203,54.0,12.0,16.2,91.0,6.0,91.0
204,57.0,12.0,12.8,91.0,7.0,91.0
205,56.0,12.0,15.6,108.0,8.0,108.0
206,57.0,12.0,4.0,94.0,8.0,94.0
207,52.0,12.0,4.0,96.0,7.0,96.0
208,48.0,12.0,2.0,94.0,8.0,94.0
209,33.0,12.0,2.0,71.0,3.0,71.0
210,36.0,12.0,1.0,83.0,5.0,83.0
211,53.0,12.0,16.4,91.0,7.0,91.0
212,45.0,12.0,3.0,75.0,6.0,75.0
213,49.0,12.0,4.0,94.0,6.0,94.0
214,50.0,13.0,3.0,79.0,8.0,79.0
215,55.0,12.0,3.0,104.0,6.0,104.0
216,69.0,12.0,5.0,94.0,14.0,94.0
217,66.0,12.0,2.0,116.0,9.0,116.0
218,84.0,12.0,3.0,94.0,9.0,94.0
219,69.0,13.0,17.6,133.0,9.0,133.0
220,59.0,12.0,12.8,88.0,6.0,88.0
221,49.0,12.0,7.0,107.0,10.0,107.0
222,57.0,12.0,23.0,128.0,11.0,128.0
223,72.0,13.0,27.0,97.0,14.0,97.0
224,62.0,12.0,14.0,101.0,5.0,101.0
225,68.0,12.0,17.0,104.0,5.0,104.0
226,68.0,12.0,21.0,120.0,11.0,120.0
227,59.0,13.0,15.0,134.0,10.0,134.0
228,53.0,13.0,12.0,125.0,11.0,125.0
229,61.0,13.0,12.0,129.0,6.0,129.0
230,56.0,13.0,10.0,81.0,4.0,81.0
231,53.0,13.0,10.0,79.0,4.0,79.0
232,58.0,13.0,12.0,90.0,5.0,90.0
233,62.0,13.0,20.0,137.0,10.0,137.0
234,74.0,14.0,17.0,99.0,8.0,99.0
235,57.0,13.0,10.0,71.0,5.0,71.0
236,51.0,13.0,10.0,81.0,5.0,81.0
237,63.0,14.0,15.0,71.0,8.0,71.0
238,62.0,14.0,12.0,64.0,7.0,64.0
239,60.0,13.0,14.0,55.0,6.0,60.0
240,59.0,13.0,14.0,154.0,5.0,154.0
241,52.0,13.0,13.0,85.0,12.0,85.0
242,58.0,14.0,14.0,82.0,5.0,82.0
243,56.0,13.0,11.0,76.0,8.0,76.0
244,53.0,13.0,10.0,92.0,4.0,92.0
245,83.0,13.0,23.0,74.0,7.0,83.0
246,73.0,14.0,18.0,157.0,7.0,157.0
247,65.0,14.0,13.0,89.0,6.0,89.0
248,46.0,13.0,14.0,88.0,5.0,88.0
249,68.0,13.0,30.0,74.0,7.0,74.0
250,64.0,14.0,14.0,79.0,7.0,79.0
251,59.0,14.0,14.0,96.0,8.0,96.0
252,49.0,13.0,9.0,69.0,5.0,69.0
253,45.0,13.0,11.0,95.0,5.0,95.0
254,57.0,13.0,13.0,107.0,5.0,107.0
255,50.0,14.0,10.0,140.0,5.0,140.0
256,72.0,15.0,20.0,140.0,10.0,140.0
257,64.0,14.0,20.0,144.0,10.0,144.0
258,69.0,13.0,20.0,69.0,10.0,69.0
259,52.0,13.0,10.0,76.0,7.0,76.0
260,55.0,14.0,13.0,72.0,8.0,72.0
261,67.0,14.0,13.0,88.0,7.0,88.0
262,57.0,14.0,11.0,121.0,15.0,121.0
263,63.0,14.0,13.0,100.0,10.0,100.0
264,67.0,14.0,16.0,161.0,7.0,161.0
265,57.0,14.0,11.0,126.0,8.0,126.0
266,56.0,13.0,15.0,100.0,8.0,100.0
267,50.0,13.0,12.0,109.0,6.0,109.0
268,51.0,13.0,17.0,77.0,5.0,77.0
269,41.0,13.0,11.0,51.0,6.0,51.0
270,53.0,14.0,26.0,91.0,8.0,91.0
271,61.0,13.0,18.0,132.0,9.0,132.0
272,40.0,13.0,14.0,76.0,7.0,76.0
273,53.0,13.0,17.0,67.0,5.0,67.0
274,38.0,13.0,20.0,83.0,7.0,83.0
275,38.0,13.0,16.0,84.0,10.0,84.0
276,42.0,13.0,11.0,108.0,9.0,108.0
277,53.0,13.0,17.0,77.0,7.0,77.0
278,53.0,13.0,15.0,87.0,8.0,87.0
279,52.0,14.0,15.0,134.0,5.0,134.0
280,41.0,15.0,11.0,97.0,6.0,97.0
281,50.0,14.0,15.0,74.0,6.0,74.0
282,60.0,14.0,21.0,71.0,10.0,71.0
283,60.0,15.0,14.0,74.0,10.0,74.0
284,51.44991108476586,22.036201780415432,16.99823943661972,68.13523131672598,9.91395908543923,77.0581797235023
285,47.0,19.2,13.0,35.0,5.0,47.0
286,40.0,13.0,11.0,40.0,5.0,40.0
287,40.0,14.0,9.0,45.0,5.0,45.0
288,43.0,14.0,11.0,42.0,6.0,43.0
289,34.0,14.0,14.0,26.0,6.0,34.0
290,49.0,14.0,12.0,36.0,9.0,49.0
291,49.0,14.0,16.0,36.0,11.0,49.0
292,44.0,13.0,20.0,44.0,7.0,44.0
293,65.0,14.0,23.0,41.0,8.0,65.0
294,54.0,13.0,17.0,47.0,6.0,54.0
295,45.0,14.0,13.0,45.0,11.0,45.0
296,49.0,14.0,18.0,52.0,9.0,52.0
297,42.0,14.0,11.0,29.0,11.0,42.0
298,43.0,13.0,11.0,59.0,8.0,59.0
299,41.0,13.0,11.0,46.0,6.0,46.0
300,56.0,13.0,19.0,39.0,14.0,56.0
301,53.0,13.0,26.0,27.0,9.0,53.0
302,53.0,13.0,16.0,26.0,6.0,53.0
303,43.0,13.0,14.0,119.0,6.0,119.0
304,48.0,13.0,13.0,50.0,5.0,50.0
305,58.0,14.0,21.0,48.0,15.0,58.0
306,63.0,14.0,16.0,58.0,7.0,63.0
307,65.0,14.0,14.0,57.0,8.0,65.0
308,53.0,15.0,13.0,32.0,8.0,53.0
309,52.0,14.0,22.0,21.0,7.0,52.0
310,32.0,15.0,16.0,56.0,10.0,56.0
311,36.0,14.0,21.0,34.0,10.0,36.0
312,56.0,14.0,20.0,31.0,6.0,56.0
313,47.0,14.0,20.0,48.0,12.0,48.0
314,45.0,14.0,15.0,40.0,6.0,45.0
315,51.0,14.0,15.0,85.0,12.0,85.0
316,41.0,13.0,15.0,58.0,6.0,58.0
317,41.0,14.0,19.0,99.0,7.0,99.0
318,37.0,14.0,17.0,121.0,12.0,121.0
319,61.0,16.0,19.0,107.0,9.0,107.0
320,51.0,15.0,29.0,89.0,10.0,89.0
321,44.0,15.0,17.0,82.0,5.0,82.0
322,38.0,15.0,23.0,63.0,5.0,63.0
323,41.4,15.0,16.0,53.0,5.0,53.0
324,61.0,15.0,12.0,134.0,9.0,134.0
325,57.2,15.0,11.0,116.0,5.0,116.0
326,39.6,15.0,20.0,52.0,8.0,52.0
327,30.0,14.0,10.0,42.0,4.0,42.0
328,7.0,14.0,10.0,38.0,4.0,38.0
329,2.0,13.0,6.0,37.0,1.0,37.0
330,5.0,13.0,6.0,37.0,2.0,37.0
331,19.8,13.0,7.0,33.0,2.0,33.0
332,19.8,13.0,5.0,33.0,1.8,33.0
333,17.0,13.0,6.0,38.0,2.0,38.0
334,19.8,13.0,7.0,33.0,2.0,33.0
335,6.0,13.0,19.0,32.0,4.0,32.0
336,6.0,14.2,12.0,43.0,3.0,43.0
337,3.0,14.2,8.0,43.0,2.0,43.0
338,19.0,15.6,13.0,44.0,4.0,44.0
339,12.0,17.4,12.0,61.0,3.0,61.0
340,16.0,14.0,13.0,77.0,5.0,77.0
341,10.0,14.0,8.0,77.0,3.0,77.0
342,9.0,15.0,7.0,73.0,4.0,73.0
343,10.8,14.0,7.0,38.0,2.0,38.0
344,9.0,14.0,9.0,35.0,2.0,35.0
345,5.0,14.0,15.0,46.0,3.0,46.0
346,7.0,14.0,12.0,34.0,4.0,34.0
347,25.0,14.0,13.0,59.0,3.0,59.0
348,10.0,14.0,11.0,47.0,3.0,47.0
349,40.0,14.0,20.0,50.0,6.0,50.0
350,7.0,14.0,14.0,45.0,3.0,45.0
351,10.0,15.0,8.0,41.0,2.0,41.0
352,33.8,15.0,13.0,45.0,7.0,45.0
353,8.0,14.0,19.0,50.0,10.0,50.0
354,48.0,14.0,25.0,53.0,3.0,53.0
355,43.2,14.0,13.0,52.0,3.0,52.0
356,33.4,14.0,10.0,46.0,3.0,46.0
357,27.0,14.0,10.0,41.0,3.0,41.0
358,17.0,15.0,12.0,31.0,3.0,31.0
359,13.0,14.0,9.0,40.0,2.0,40.0
360,18.0,16.0,9.0,43.0,3.0,43.0
361,31.0,15.0,11.0,39.0,3.0,39.0
362,36.0,20.0,22.0,84.0,8.0,84.0
363,52.0,19.0,21.0,81.0,7.0,81.0
364,25.0,17.0,22.0,37.0,6.0,37.0
365,14.0,17.0,22.0,35.0,5.0,35.0
366,17.0,16.0,7.0,39.0,3.0,39.0
367,15.0,16.0,15.0,101.0,8.0,101.0
368,11.0,16.0,14.0,57.0,5.0,57.0
369,21.0,16.0,17.0,28.0,6.0,28.0
370,16.0,16.0,7.0,30.0,4.0,30.0
371,17.0,16.0,8.0,30.0,3.0,30.0
372,46.0,16.0,14.0,58.0,5.0,58.0
373,42.0,17.0,12.0,63.0,6.0,63.0
374,42.0,18.0,13.0,50.0,7.0,50.0
375,38.0,21.0,9.0,45.0,5.0,45.0
376,20.0,18.0,11.0,62.0,7.0,62.0
377,50.0,20.0,13.0,49.0,6.0,50.0
378,24.0,18.0,7.0,50.0,3.0,50.0
379,11.0,16.0,8.0,44.0,3.0,44.0
380,12.0,16.0,7.0,43.0,1.0,43.0
381,29.0,16.0,12.0,28.0,6.0,29.0
382,51.44991108476586,22.036201780415432,16.99823943661972,68.13523131672598,9.91395908543923,77.0581797235023
383,29.0,14.4,20.0,35.0,7.8,35.0
384,13.0,16.0,6.0,32.0,2.0,32.0
385,19.0,14.4,6.0,31.0,1.0,31.0
386,13.0,16.8,6.0,32.0,2.4,32.0
387,18.0,16.0,8.0,53.0,3.0,53.0
388,23.0,16.0,8.0,49.0,3.0,49.0
389,17.0,15.0,6.0,30.0,1.0,30.0
390,20.0,15.0,7.0,31.0,3.0,31.0
391,18.0,16.0,6.0,41.0,1.0,41.0
392,32.0,16.0,8.0,52.0,2.0,52.0
393,17.0,15.0,6.0,27.0,2.4,27.0
394,51.44991108476586,22.036201780415432,16.99823943661972,68.13523131672598,9.91395908543923,77.0581797235023
395,23.0,15.0,7.0,30.0,2.0,30.0
396,32.0,15.0,11.0,60.0,9.0,60.0
397,47.0,16.0,17.0,68.0,6.0,68.0
398,42.0,15.2,19.0,57.0,6.0,57.0
399,35.0,20.8,15.0,54.0,9.0,54.0
400,28.0,18.8,10.0,52.0,5.0,52.0
401,37.0,16.0,16.0,57.0,5.0,57.0
402,28.0,15.0,16.0,57.0,5.0,57.0
403,55.0,15.0,25.0,52.0,7.0,55.0
404,38.0,16.0,46.0,53.0,9.0,53.0
405,43.0,15.0,16.0,49.0,6.0,49.0
406,48.0,16.0,11.0,53.0,5.0,53.0
407,50.0,15.0,19.0,58.0,6.0,58.0
408,57.0,16.0,12.0,65.0,5.0,65.0
409,60.0,15.0,14.0,69.0,5.0,69.0
410,51.0,15.0,31.0,41.0,8.0,51.0
411,22.0,15.0,8.0,30.0,2.0,30.0
412,42.0,15.0,14.0,37.0,4.0,42.0
413,40.0,15.0,11.0,56.0,4.0,56.0
414,45.0,16.0,11.0,46.0,3.0,46.0
415,45.0,19.0,15.0,46.0,8.0,46.0
416,56.0,18.0,15.0,45.0,6.0,56.0
417,50.0,18.0,18.0,47.0,6.0,50.0
418,59.0,18.0,15.0,58.0,7.0,59.0
419,47.0,16.0,12.0,76.0,5.0,76.0
420,48.0,17.0,13.0,71.0,10.0,71.0
421,46.0,17.0,17.0,79.0,9.0,79.0
422,47.0,17.0,16.0,64.0,5.0,64.0
423,56.0,18.0,22.0,80.0,13.0,80.0
424,62.0,16.0,23.0,99.0,7.0,99.0
425,43.0,16.0,14.0,110.0,12.0,110.0
426,57.0,18.0,15.0,80.0,10.0,80.0
427,52.0,16.0,25.0,100.0,7.0,100.0
428,55.0,15.0,27.0,69.0,7.0,69.0
429,63.0,18.0,16.0,103.0,7.0,103.0
430,66.0,17.0,17.0,76.0,6.0,76.0
431,50.0,16.0,16.0,59.0,6.0,59.0
432,59.0,17.0,18.0,76.0,6.0,76.0
433,60.0,18.0,24.0,54.0,8.0,60.0
434,56.0,17.0,15.0,51.0,7.0,56.0
435,39.0,16.0,12.0,44.0,6.0,44.0
436,27.0,18.0,9.0,61.0,4.0,61.0
437,62.0,14.4,19.0,89.0,7.0,89.0
438,53.0,16.6,17.0,75.0,6.0,75.0
439,54.0,17.0,12.0,136.0,7.0,136.0
440,61.0,16.0,18.0,68.0,10.0,68.0
441,56.0,16.0,34.0,101.0,6.0,101.0
442,50.0,16.0,11.0,111.0,5.0,111.0
443,51.0,16.0,12.0,89.0,6.0,89.0
444,58.0,15.0,30.0,54.0,8.0,58.0
445,26.0,16.0,9.0,51.0,3.0,51.0
446,58.0,16.0,43.0,90.0,12.0,90.0
447,55.0,16.0,14.0,38.0,6.0,55.0
448,31.0,15.0,9.0,48.0,3.0,48.0
449,29.0,16.0,18.0,56.0,7.0,56.0
450,37.0,15.0,10.0,50.0,4.0,50.0
451,59.0,15.0,19.0,59.0,8.0,59.0
452,53.0,17.0,23.0,73.0,12.0,73.0
453,54.0,25.0,19.0,83.0,10.0,83.0
454,35.0,48.0,7.0,52.0,3.0,52.0
455,45.0,16.0,9.0,32.0,3.0,45.0
456,46.0,16.0,13.0,37.0,3.0,46.0
457,50.0,16.0,21.0,38.0,4.0,50.0
458,38.0,18.0,12.0,51.0,7.0,51.0
459,69.0,21.0,29.0,156.0,10.0,156.0
460,56.0,20.0,12.0,131.0,7.0,131.0
461,53.0,17.0,29.0,74.0,9.0,74.0
462,42.0,17.0,9.0,51.0,5.0,51.0
463,33.0,16.0,13.0,85.0,7.0,85.0
464,42.0,17.0,12.0,66.0,8.0,66.0
465,54.0,16.2,15.0,92.0,8.0,92.0
466,58.0,58.0,13.0,55.0,7.0,58.0
467,50.0,56.0,13.0,93.0,6.0,93.0
468,24.0,15.0,13.0,97.0,7.0,97.0
469,27.0,16.0,13.0,80.0,5.0,80.0
470,33.0,15.0,16.0,79.0,13.0,79.0
471,53.0,16.0,21.0,80.0,15.0,80.0
472,40.0,15.0,20.0,80.0,9.0,80.0
473,52.0,18.0,22.0,81.0,8.0,81.0
474,43.0,16.0,26.0,66.0,11.0,66.0
475,37.0,16.0,21.0,93.0,7.0,93.0
476,28.0,16.0,22.0,71.0,7.0,71.0
477,31.0,14.0,17.0,43.0,7.0,43.0
478,28.0,16.0,24.0,63.0,7.0,63.0
479,46.8,16.0,33.0,48.0,7.0,48.0
480,28.0,17.0,25.0,39.0,12.0,39.0
481,26.0,16.0,15.0,43.0,6.0,43.0
482,52.0,16.0,16.0,70.0,8.0,70.0
483,67.0,15.0,20.0,88.0,9.0,88.0
484,20.6,15.0,27.0,32.0,9.0,27.0
485,70.0,15.0,12.0,81.0,5.0,81.0
486,61.0,15.0,20.0,107.0,8.0,107.0
487,62.0,16.0,22.0,97.0,10.0,97.0
488,51.44991108476586,22.036201780415432,16.99823943661972,68.13523131672598,9.91395908543923,77.0581797235023
489,51.0,18.4,23.6,48.2,9.8,51.0
490,41.0,14.0,16.2,34.2,8.4,41.0
491,57.0,17.8,22.0,43.0,17.6,57.0
492,66.0,25.2,15.0,113.0,7.0,113.0
493,62.0,16.0,17.0,105.0,7.0,105.0
494,66.0,15.0,10.0,85.0,7.0,85.0
495,66.0,17.0,15.0,75.0,7.0,75.0
496,69.0,16.0,29.0,100.0,9.0,100.0
497,79.0,17.0,26.0,97.0,11.0,97.0
498,70.0,16.0,16.0,116.0,7.0,116.0
499,75.0,17.0,25.0,95.0,10.0,95.0
500,68.0,17.0,17.0,83.0,9.0,83.0
501,56.0,16.0,14.0,80.0,7.0,80.0
502,74.0,16.0,18.0,76.0,7.0,76.0
503,42.0,15.0,10.0,90.0,6.0,90.0
504,47.0,15.0,22.0,86.0,8.0,86.0
505,46.0,15.0,17.0,95.0,5.0,95.0
506,50.0,15.0,12.0,67.0,7.0,67.0
507,52.0,16.0,12.0,56.0,7.0,56.0
508,28.0,15.0,12.0,68.0,6.0,68.0
509,54.0,15.0,21.0,65.0,9.0,65.0
510,65.0,16.0,16.0,78.0,8.0,78.0
511,59.0,16.0,23.0,69.0,8.0,69.0
512,57.0,15.0,17.0,64.0,6.0,64.0
513,53.0,17.0,21.0,89.0,6.0,89.0
514,70.0,16.0,24.0,116.0,7.0,116.0
515,73.0,16.0,20.0,78.0,10.0,78.0
516,51.44991108476586,22.036201780415432,16.99823943661972,68.13523131672598,9.91395908543923,77.0581797235023
517,51.44991108476586,22.036201780415432,16.99823943661972,68.13523131672598,9.91395908543923,77.0581797235023
518,51.44991108476586,22.036201780415432,16.99823943661972,68.13523131672598,9.91395908543923,77.0581797235023
519,51.44991108476586,22.036201780415432,16.99823943661972,68.13523131672598,9.91395908543923,77.0581797235023
520,64.0,18.0,13.0,94.0,7.0,94.0
521,64.0,16.0,16.0,106.0,8.0,106.0
522,67.0,16.0,16.0,101.0,16.0,101.0
523,61.0,16.0,12.0,117.0,11.0,117.0
524,77.0,16.0,26.0,111.0,9.0,111.0
525,55.0,15.0,17.0,181.0,7.0,181.0
526,66.0,17.0,12.0,94.0,6.0,94.0
527,58.0,16.0,15.0,77.0,4.0,77.0
528,51.0,15.0,22.0,77.0,7.0,77.0
529,51.44991108476586,22.036201780415432,16.99823943661972,68.13523131672598,9.91395908543923,77.0581797235023
530,51.0,16.0,18.0,71.0,7.0,71.0
531,47.0,16.0,27.0,78.0,8.0,78.0
532,48.0,16.0,9.0,67.0,4.0,67.0
533,47.0,17.0,9.0,61.0,4.0,61.0
534,52.0,16.0,13.0,62.0,5.0,62.0
535,55.0,16.0,14.0,66.0,6.0,66.0
536,49.0,18.0,8.0,61.0,4.0,61.0
537,50.0,18.0,14.0,53.0,4.0,53.0
538,40.0,17.0,11.0,72.0,5.0,72.0
539,44.0,15.0,13.0,72.0,4.0,72.0
540,24.0,15.0,9.0,77.0,3.0,77.0
541,45.0,16.0,36.0,64.0,6.0,64.0
542,47.0,15.0,21.0,76.0,8.0,76.0
543,63.0,17.0,21.0,89.0,10.0,89.0
544,59.0,17.0,14.0,93.0,7.0,93.0
545,67.0,17.0,14.0,96.0,15.0,96.0
546,65.0,17.0,19.0,119.0,7.0,119.0
547,51.44991108476586,22.036201780415432,16.99823943661972,68.13523131672598,9.91395908543923,77.0581797235023
548,67.0,17.0,20.0,82.0,8.0,82.0
549,69.0,20.0,18.0,106.0,14.0,106.0
550,57.0,19.0,13.0,94.0,10.0,94.0
551,51.0,18.0,10.0,81.0,7.0,81.0
552,69.0,19.0,26.0,84.0,12.0,84.0
553,59.0,18.0,26.0,72.0,11.0,72.0
554,59.0,17.0,11.0,105.0,6.0,105.0
555,62.0,18.0,18.0,115.0,7.0,115.0
556,71.0,23.0,17.0,97.0,11.0,97.0
557,63.0,21.0,12.0,100.0,8.0,100.0
558,69.0,19.0,17.0,88.0,10.0,88.0
559,75.0,21.0,14.0,106.0,11.0,106.0
560,63.0,17.0,12.0,115.0,6.0,115.0
561,51.0,17.0,10.0,105.0,6.0,105.0
562,65.0,18.0,16.0,93.0,11.0,93.0
563,69.0,18.0,16.0,95.0,10.0,95.0
564,68.0,17.0,12.0,102.0,11.0,102.0
565,72.0,18.0,13.0,89.0,8.0,89.0
566,64.0,20.0,11.0,104.0,6.0,104.0
567,67.0,18.0,20.0,93.0,7.0,93.0
568,54.0,16.0,14.0,126.0,7.0,126.0
569,71.0,19.0,15.0,104.0,9.0,104.0
570,71.0,17.0,20.0,99.0,11.0,99.0
571,67.0,18.0,22.0,90.0,11.0,90.0
572,71.0,17.0,16.0,112.0,16.0,112.0
573,76.0,17.0,31.0,155.0,12.0,155.0
574,67.0,17.0,17.0,157.0,9.0,157.0
575,68.0,18.0,19.0,113.0,7.0,113.0
576,77.0,18.0,18.0,102.0,9.0,102.0
577,64.0,19.0,14.0,110.0,20.0,110.0
578,58.0,17.0,12.0,91.0,8.0,91.0
579,48.0,16.0,10.0,117.0,6.0,117.0
580,21.0,20.0,9.0,101.0,10.0,101.0
581,16.0,21.0,10.0,88.0,7.0,88.0
582,15.0,19.0,8.0,72.0,5.0,72.0
583,27.0,22.0,20.0,130.0,13.0,130.0
584,43.0,20.0,18.0,129.0,9.0,129.0
585,37.0,21.0,19.0,122.0,9.0,122.0
586,28.0,20.0,13.0,90.0,7.0,90.0
587,21.0,17.0,12.0,126.0,7.0,126.0
588,11.0,17.0,14.0,93.0,11.0,93.0
589,19.0,19.0,14.0,90.0,8.0,90.0
590,32.0,18.0,12.0,91.0,5.0,91.0
591,30.0,17.0,10.0,98.0,4.0,98.0
592,32.0,18.0,12.0,87.0,6.0,87.0
593,49.0,17.0,10.0,109.0,7.0,109.0
594,51.6,18.0,10.0,126.0,6.0,126.0
595,68.0,19.0,17.0,84.0,7.0,84.0
596,67.0,17.0,17.0,82.0,7.0,82.0
597,58.0,18.0,10.0,122.0,5.0,122.0
598,54.0,16.0,11.0,91.0,9.0,91.0
599,62.0,17.0,14.0,113.0,7.0,113.0
600,61.0,18.0,14.0,96.0,9.0,96.0
601,64.0,20.0,16.0,95.0,8.0,95.0
602,61.0,18.0,11.0,99.0,6.0,99.0
603,68.0,19.0,16.0,124.0,6.0,124.0
604,61.0,17.0,12.0,120.0,6.0,120.0
605,66.0,17.0,15.0,90.0,8.0,90.0
606,67.0,19.0,11.0,96.0,16.0,96.0
607,48.0,16.0,10.0,89.0,4.0,89.0
608,57.0,17.0,18.0,87.0,6.0,87.0
609,58.0,18.0,17.0,95.0,9.0,95.0
610,34.0,16.0,18.0,85.0,8.0,85.0
611,37.0,17.0,9.0,100.0,3.0,100.0
612,46.0,17.0,9.0,120.0,5.0,120.0
613,54.0,17.0,13.0,84.0,7.0,84.0
614,53.0,17.0,16.0,79.0,9.0,79.0
615,38.0,16.0,11.0,102.0,4.0,102.0
616,56.0,16.0,15.0,62.0,6.0,62.0
617,61.0,18.0,17.0,73.0,8.0,73.0
618,57.0,16.0,12.0,63.0,5.0,63.0
619,50.0,17.0,8.0,74.0,4.0,74.0
620,52.0,19.0,9.0,110.0,7.0,110.0
621,61.0,19.0,15.0,102.0,17.0,102.0
622,62.0,23.0,12.0,138.0,7.0,138.0
623,61.0,18.0,11.0,88.0,6.0,88.0
624,53.0,18.0,11.0,61.0,7.0,61.0
625,51.0,17.0,13.0,72.0,8.0,72.0
626,51.0,19.0,12.0,80.0,11.0,80.0
627,69.0,19.0,16.0,58.0,8.0,69.0
628,61.0,16.0,34.0,57.0,7.0,61.0
629,58.0,17.0,25.0,115.0,13.0,115.0
630,68.0,18.0,27.0,92.0,9.0,92.0
631,46.0,16.0,24.0,86.0,6.0,86.0
632,64.0,17.0,31.0,128.0,10.0,128.0
633,71.0,19.0,25.0,80.0,12.0,80.0
634,66.0,18.0,21.0,107.0,18.0,107.0
635,52.0,16.0,21.0,93.0,4.0,93.0
636,54.0,17.0,21.0,93.0,9.0,93.0
637,56.0,17.0,20.0,78.0,6.0,78.0
638,55.0,18.0,16.0,29.0,6.0,55.0
639,67.0,18.0,22.0,26.0,10.0,67.0
640,57.0,18.0,20.0,137.0,11.0,137.0
641,62.0,18.0,24.0,41.0,8.0,62.0
642,62.0,18.0,18.0,22.0,7.0,62.0
643,63.0,17.0,21.0,24.0,6.0,63.0
644,62.0,19.0,22.0,20.0,7.0,62.0
645,54.0,18.0,19.0,22.0,6.0,54.0
646,59.0,18.0,18.0,18.0,5.0,59.0
647,61.0,18.0,17.0,119.0,7.0,119.0
648,51.44991108476586,22.036201780415432,16.99823943661972,68.13523131672598,9.91395908543923,77.0581797235023
649,67.0,18.0,22.0,107.0,12.0,107.0
650,59.0,19.0,18.0,107.0,8.6,107.0
651,56.0,18.0,15.0,97.0,8.6,97.0
652,59.0,17.0,19.0,108.0,10.4,108.0
653,58.0,17.0,18.0,165.0,1.0,165.0
654,54.0,18.0,18.0,135.0,2.0,135.0
655,56.0,18.0,18.0,110.0,11.6,110.0
656,54.0,16.0,20.0,98.0,6.8,98.0
657,53.0,17.0,17.0,133.0,5.8,133.0
658,49.0,16.0,20.0,84.0,5.8,84.0
659,56.0,16.0,21.0,86.0,7.4,86.0
660,38.0,15.0,19.0,69.0,8.2,69.0
661,49.0,17.0,31.0,109.0,3.0,109.0
662,57.0,17.0,16.2,41.8,6.2,57.0
663,51.0,16.0,19.0,100.0,3.0,100.0
664,52.0,17.0,26.0,104.0,5.0,104.0
665,43.0,17.0,20.0,90.0,3.0,90.0
666,28.0,16.0,19.0,85.0,4.0,85.0
667,50.0,17.0,25.0,104.0,4.0,104.0
668,47.0,18.0,20.0,97.0,3.0,97.0
669,67.0,18.0,35.0,94.0,4.0,94.0
670,47.0,18.0,18.0,85.0,5.0,85.0
671,53.0,18.0,22.0,121.0,3.0,121.0
672,43.0,16.0,24.0,108.0,3.0,108.0
673,48.0,16.0,23.0,101.0,3.0,101.0
674,51.0,17.0,20.0,82.0,2.0,82.0
675,39.0,16.0,23.0,88.0,3.0,88.0
676,38.0,16.0,22.0,89.0,3.0,89.0
677,43.0,16.0,22.0,98.0,4.0,98.0
678,55.0,16.0,36.0,166.0,4.0,166.0
679,54.0,17.0,35.0,104.0,4.0,104.0
680,66.0,18.0,28.0,57.2,4.0,66.0
681,66.0,18.0,31.0,78.0,4.0,78.0
682,60.0,18.0,25.0,53.0,3.0,60.0
683,40.0,18.0,20.0,41.0,2.0,41.0
684,35.0,18.0,22.0,79.0,3.0,79.0
685,38.0,19.0,17.0,98.0,3.0,98.0
686,54.0,19.0,22.0,120.0,4.0,120.0
687,75.0,21.0,31.0,90.0,4.0,90.0
688,49.0,17.0,21.0,92.0,4.0,92.0
689,47.0,18.0,20.0,125.0,2.0,125.0
690,69.0,18.0,25.0,88.0,3.0,88.0
691,60.0,20.0,20.0,118.0,4.0,118.0
692,56.0,19.0,35.0,112.0,4.0,112.0
693,52.0,18.0,21.0,77.0,3.0,77.0
694,48.0,16.0,20.0,90.0,4.0,90.0
695,54.0,16.0,28.0,126.0,4.0,126.0
696,19.0,22.0,84.0,5.0,84.0,30.2
697,48.0,18.0,21.0,76.0,3.0,76.0
698,42.0,16.0,20.0,131.0,4.0,131.0
699,60.0,16.0,27.0,112.0,3.0,112.0
700,43.0,18.0,20.0,92.0,5.0,92.0
701,49.0,17.0,21.0,84.0,3.0,84.0
702,51.44991108476586,22.036201780415432,16.99823943661972,68.13523131672598,9.91395908543923,77.0581797235023
703,51.44991108476586,22.036201780415432,16.99823943661972,68.13523131672598,9.91395908543923,77.0581797235023
704,52.0,18.0,33.0,94.0,3.0,94.0
705,33.0,17.0,29.0,134.0,5.0,134.0
706,55.0,16.0,30.0,97.0,3.0,97.0
707,57.0,16.0,25.0,95.0,5.0,95.0
708,64.0,16.0,30.0,83.0,3.0,83.0
709,75.0,16.0,50.0,90.0,4.0,90.0
710,50.0,17.0,28.0,94.0,3.0,94.0
711,39.0,17.0,24.0,88.0,3.0,88.0
712,35.0,17.0,21.0,92.0,8.0,92.0
713,24.0,15.0,16.0,28.8,4.6,24.0
714,51.44991108476586,22.036201780415432,16.99823943661972,68.13523131672598,9.91395908543923,77.0581797235023
715,51.44991108476586,22.036201780415432,16.99823943661972,68.13523131672598,9.91395908543923,77.0581797235023
716,42.0,19.0,16.0,62.0,4.8,62.0
717,51.0,21.0,21.0,101.0,6.0,101.0
718,55.0,17.0,24.0,97.0,4.0,97.0
719,41.0,18.0,19.0,64.0,3.0,64.0
720,58.0,21.0,21.0,66.0,3.0,66.0
721,36.0,13.8,19.0,44.0,2.0,44.0
722,30.6,21.8,9.0,45.0,2.0,45.0
723,37.4,9.0,5.0,70.0,1.0,70.0
724,28.0,12.0,5.0,69.0,2.0,69.0
725,29.0,12.0,6.0,47.0,3.0,47.0
726,33.0,11.0,3.0,42.0,2.0,42.0
727,22.0,11.0,2.0,50.0,1.0,50.0
728,24.0,12.0,3.0,53.0,1.0,53.0
729,44.0,13.0,6.0,43.0,2.0,44.0
730,21.0,13.0,3.0,40.0,1.0,40.0
731,20.0,13.0,4.0,47.0,2.0,47.0
732,23.0,13.0,4.0,46.0,2.0,46.0
733,42.0,11.0,7.0,38.0,3.0,42.0
734,54.0,11.0,10.0,40.0,3.0,54.0
735,69.0,10.0,22.0,4.0,13.4,69.0
736,71.0,11.0,16.0,132.0,8.0,132.0
737,40.0,10.0,7.0,143.0,3.0,143.0
738,55.0,10.0,12.0,158.0,6.0,158.0
739,49.0,12.0,16.0,127.0,3.0,127.0
740,54.0,12.0,18.0,91.0,4.0,91.0
741,57.0,22.0,90.0,9.0,90.0,90.0
742,58.0,22.0,119.0,8.0,39.2,119.0
743,46.0,22.0,67.0,11.0,39.6,67.0
744,72.0,10.0,18.0,53.0,8.8,72.0
745,31.0,7.0,6.0,64.0,5.0,64.0
746,39.0,7.0,8.0,58.0,4.0,58.0
747,20.0,7.0,6.0,48.0,4.0,48.0
748,44.0,8.0,13.0,63.0,7.0,63.0
749,60.0,11.0,25.0,82.0,12.0,82.0
750,52.0,10.0,14.0,94.0,8.0,94.0
751,23.0,9.0,12.0,92.0,8.0,92.0
752,40.0,9.0,24.0,70.0,9.0,70.0
753,36.0,9.0,13.0,81.0,9.0,81.0
754,32.0,8.0,25.0,74.0,9.0,74.0
755,50.0,9.0,33.0,67.0,8.0,67.0
756,56.0,9.0,39.0,74.0,8.0,74.0
757,53.0,9.0,25.0,77.0,6.0,77.0
758,46.0,9.0,22.0,88.0,6.0,88.0
759,47.0,10.0,32.0,67.0,9.0,67.0
760,56.0,10.0,21.0,54.0,7.0,56.0
761,41.0,9.0,27.0,63.0,9.0,63.0
762,57.0,9.0,42.0,79.0,10.0,79.0
763,55.0,10.0,28.0,95.0,8.0,95.0
764,56.0,9.0,20.0,86.0,7.0,86.0
765,57.0,9.0,36.0,80.0,6.0,80.0
766,42.0,9.0,14.0,75.0,6.0,75.0
767,55.0,9.0,21.0,65.0,9.0,65.0
768,55.0,10.0,15.0,94.0,18.0,94.0
769,58.0,9.0,14.0,80.0,8.0,80.0
770,57.0,9.0,15.0,81.0,6.0,81.0
771,34.0,9.0,11.0,71.0,6.0,71.0
772,9.0,29.0,94.0,8.0,39.6,94.0
773,67.0,9.0,43.0,71.0,13.0,71.0
774,53.0,9.0,35.0,91.0,12.0,91.0
775,54.0,9.0,17.0,89.0,12.0,89.0
776,42.0,9.0,10.0,111.0,6.0,111.0
777,55.0,9.0,19.0,79.0,8.0,79.0
778,44.0,12.0,14.0,88.0,8.0,88.0
779,70.0,11.0,31.0,118.0,14.0,118.0
780,58.0,10.0,41.0,67.0,11.0,67.0
781,69.0,9.0,29.0,86.0,13.0,86.0
782,48.0,11.0,18.0,77.0,9.0,77.0
783,37.0,9.0,13.0,95.0,13.0,95.0
784,56.0,9.0,25.0,88.0,13.0,88.0
785,59.0,9.0,32.0,115.0,12.0,115.0
786,50.0,10.0,21.0,88.0,13.0,88.0
787,64.0,11.0,17.0,67.0,10.0,67.0
788,56.0,11.0,12.0,91.0,5.0,91.0
789,52.0,9.0,18.0,70.0,7.0,70.0
790,45.0,10.0,25.0,62.0,11.0,62.0
791,53.0,10.0,22.0,77.0,9.0,77.0
792,55.0,11.0,20.0,104.0,13.0,104.0
793,47.0,10.0,17.0,79.0,11.0,79.0
794,54.0,9.0,24.0,60.0,18.0,60.0
795,52.0,10.0,23.0,83.0,14.0,83.0
796,78.0,11.0,37.0,155.0,14.0,155.0
797,63.0,10.0,22.0,111.0,11.0,111.0
798,54.0,10.0,17.0,122.0,8.0,122.0
799,54.0,10.0,16.0,36.0,12.0,54.0
800,40.0,10.0,13.0,51.0,6.0,51.0
801,35.0,10.0,14.0,102.0,8.0,102.0
802,57.0,11.0,52.0,72.0,18.0,72.0
803,71.0,11.0,21.0,69.0,10.0,71.0
804,55.0,10.0,23.0,70.0,10.0,70.0
805,51.0,9.0,13.0,59.0,6.0,59.0
806,52.0,9.0,13.0,65.0,6.0,65.0
807,38.0,9.0,14.0,68.0,5.0,68.0
808,36.0,10.0,8.0,61.0,5.0,61.0
809,58.0,9.0,18.0,38.0,6.0,58.0
810,55.0,10.0,24.0,40.0,5.0,55.0
811,40.0,9.0,8.0,39.0,4.0,40.0
812,36.0,9.0,5.0,28.0,2.0,36.0
813,40.0,9.0,12.0,26.0,6.0,40.0
814,71.0,9.0,26.0,55.0,15.0,71.0
815,47.0,10.0,17.0,97.0,8.0,97.0
816,56.0,10.0,19.0,83.0,12.0,83.0
817,59.0,12.0,24.0,58.4,11.0,59.0
818,48.0,10.0,20.0,46.2,12.0,48.0
819,59.0,11.0,20.0,136.0,10.0,136.0
820,51.44991108476586,22.036201780415432,16.99823943661972,68.13523131672598,9.91395908543923,77.0581797235023
821,72.0,9.0,41.0,85.0,13.0,85.0
822,69.0,11.0,44.0,75.0,12.0,75.0
823,61.0,11.0,19.0,102.0,8.0,102.0
824,52.0,11.0,15.0,81.0,9.0,81.0
825,71.0,10.0,28.0,99.0,14.0,99.0
826,72.0,12.0,28.0,152.0,11.0,152.0
827,50.0,11.0,15.0,144.0,10.0,144.0
828,51.0,12.0,17.0,127.0,10.0,127.0
829,64.0,13.0,27.0,199.0,13.0,199.0
830,62.0,12.0,15.0,153.0,8.0,153.0
831,55.0,10.0,14.0,41.0,10.0,55.0
832,55.0,10.0,15.0,44.0,6.0,55.0
833,38.0,11.0,9.0,112.0,7.0,112.0
834,54.0,11.0,19.0,122.0,10.0,122.0
835,51.0,11.0,18.0,68.0,11.0,68.0
836,54.0,10.0,36.0,51.6,12.0,54.0
837,70.0,10.0,21.0,111.0,7.0,111.0
838,49.0,10.0,16.0,42.4,8.0,49.0
839,31.0,10.0,13.0,105.0,6.0,105.0
840,60.0,10.0,27.0,110.0,8.0,110.0
841,59.0,10.0,20.0,63.0,9.0,63.0
842,59.0,11.0,12.0,73.0,8.0,73.0
843,52.0,10.0,11.0,72.0,7.0,72.0
844,58.0,9.0,40.0,85.0,11.0,85.0
845,38.0,10.0,11.0,124.0,6.0,124.0
846,45.0,10.0,25.0,90.0,9.0,90.0
847,55.0,10.0,37.0,73.0,11.0,73.0
848,49.0,10.0,24.0,130.0,11.0,130.0
849,49.0,10.0,14.0,111.0,17.0,111.0
850,53.0,10.0,29.0,79.0,9.0,79.0
851,48.0,10.0,18.0,23.0,5.0,48.0
852,49.0,12.0,13.0,99.0,12.0,99.0
853,59.0,16.4,24.0,92.0,15.0,92.0
854,55.0,10.0,19.0,73.0,9.0,73.0
855,50.0,11.0,14.0,93.0,7.0,93.0
856,69.0,11.0,27.0,89.0,9.0,89.0
857,77.0,13.4,34.0,132.0,11.0,132.0
858,65.0,11.0,24.0,149.0,22.0,149.0
859,57.0,10.0,17.0,45.0,7.0,57.0
860,52.0,10.0,22.0,37.2,12.0,52.0
861,63.0,10.0,23.0,58.2,8.0,63.0
862,61.0,10.0,20.0,93.0,8.0,93.0
863,68.0,12.0,17.0,80.0,11.0,80.0
864,67.0,11.0,17.0,90.0,8.0,90.0
865,57.0,11.0,17.0,111.0,9.0,111.0
866,57.0,11.0,17.0,88.0,14.0,88.0
867,54.0,13.0,17.0,111.0,21.0,111.0
868,86.0,12.0,31.0,92.0,14.0,92.0
869,67.0,14.0,12.0,85.0,9.0,85.0
870,67.0,12.0,18.0,98.0,9.0,98.0
871,65.0,14.0,15.0,99.0,9.0,99.0
872,56.0,12.0,11.0,66.0,7.0,66.0
873,65.0,13.0,17.0,64.0,12.0,65.0
874,64.0,12.0,21.0,104.0,13.0,104.0
875,66.0,12.0,19.0,88.0,10.0,88.0
876,71.0,11.0,20.0,101.0,8.0,101.0
877,67.0,12.0,13.0,84.0,9.0,84.0
878,56.0,12.0,12.0,86.0,7.0,86.0
879,53.0,11.0,14.0,84.0,6.0,84.0
880,55.0,11.0,13.0,89.0,6.0,89.0
881,57.0,11.0,11.0,76.0,5.0,76.0
882,58.0,11.0,23.0,101.0,9.0,101.0
883,50.0,11.0,12.0,89.0,6.0,89.0
884,75.0,11.0,18.0,82.0,9.0,82.0
885,73.0,11.0,20.0,65.0,9.0,73.0
886,50.0,11.0,10.0,75.0,7.0,75.0
887,51.44991108476586,22.036201780415432,16.99823943661972,68.13523131672598,9.91395908543923,77.0581797235023
888,41.0,10.0,8.0,52.0,4.8,52.0
889,45.0,11.0,13.0,86.0,8.2,86.0
890,54.0,11.0,17.0,86.0,11.0,86.0
891,54.0,7.0,17.0,69.0,8.2,69.0
892,58.0,10.0,14.0,101.0,7.0,101.0
893,67.0,11.0,22.0,100.0,11.0,100.0
894,60.0,11.0,20.0,98.0,14.0,98.0
895,54.0,10.0,20.0,112.0,8.0,112.0
896,66.0,10.0,24.0,107.0,10.0,107.0
897,60.0,11.0,21.0,93.0,8.0,93.0
898,59.0,13.0,10.0,74.0,9.0,74.0
899,64.0,13.0,13.0,86.0,14.0,86.0
900,77.0,12.0,34.0,79.0,16.0,79.0
901,72.0,12.0,16.0,103.0,10.0,103.0
902,76.0,13.0,19.0,122.0,13.0,122.0
903,71.0,12.0,17.0,134.0,10.0,134.0
904,79.0,13.0,15.0,93.0,11.0,93.0
905,77.0,13.0,22.0,82.0,11.0,82.0
906,70.0,13.0,20.0,80.0,14.0,80.0
907,67.0,13.0,15.0,142.0,11.0,142.0
908,64.0,13.0,13.0,143.0,17.0,143.0
909,64.0,14.0,13.0,106.0,17.0,106.0
910,63.0,14.0,16.0,83.0,12.0,83.0
911,59.0,12.0,12.0,90.0,9.0,90.0
912,60.0,12.0,11.0,81.0,11.0,81.0
913,63.0,14.0,12.0,85.0,9.0,85.0
914,66.0,12.0,19.0,78.0,12.0,78.0
915,58.0,11.0,16.0,80.0,10.0,80.0
916,55.0,11.0,14.0,82.0,10.0,82.0
917,55.0,13.0,9.0,58.0,7.0,58.0
918,55.0,14.0,13.0,84.0,9.0,84.0
919,53.0,12.0,12.0,65.0,7.0,65.0
920,58.0,14.0,14.0,91.0,15.0,91.0
921,65.0,14.0,14.0,63.0,9.0,65.0
922,58.0,13.0,15.0,77.0,11.0,77.0
923,49.0,12.0,11.0,88.0,10.0,88.0
924,74.0,14.0,19.0,134.0,12.0,134.0
925,67.0,13.0,22.0,77.0,18.0,77.0
926,78.0,12.0,15.0,83.0,10.0,83.0
927,64.0,12.0,12.0,89.0,12.0,89.0
928,65.0,13.0,13.0,87.0,11.0,87.0
929,63.0,15.0,13.0,51.0,11.0,63.0
930,67.0,13.0,13.0,87.0,9.0,87.0
931,79.0,13.0,14.0,90.0,9.0,90.0
932,71.0,12.0,14.0,107.0,10.0,107.0
933,75.0,14.0,19.0,78.0,12.0,78.0
934,64.0,13.0,14.0,92.0,11.0,92.0
935,76.0,13.0,37.0,98.0,16.0,98.0
936,64.0,14.0,11.0,96.0,9.0,96.0
937,62.0,12.0,11.0,94.0,7.0,94.0
938,73.0,13.0,15.0,104.0,9.0,104.0
939,74.0,11.0,17.0,129.0,9.0,129.0
940,77.0,12.0,26.0,81.0,15.0,81.0
941,71.0,13.0,23.0,94.0,10.0,94.0
942,61.0,12.0,17.0,86.0,14.0,86.0
943,62.0,13.0,18.0,90.0,11.0,90.0
944,70.0,13.0,20.0,86.0,9.0,86.0
945,61.0,12.0,18.0,80.0,8.0,80.0
946,22.0,12.0,22.0,13.4,26.2,12.0
947,62.0,13.0,14.0,140.0,12.0,140.0
948,61.0,14.0,17.0,127.0,10.0,127.0
949,63.0,14.0,22.0,125.0,13.0,125.0
950,60.0,12.0,18.0,119.0,18.0,119.0
951,64.0,13.0,24.0,100.0,18.0,100.0
952,64.0,13.0,21.0,72.0,8.0,72.0
953,62.0,13.0,17.0,73.0,9.0,73.0
954,63.0,12.0,21.0,57.0,9.0,63.0
955,58.0,13.0,19.0,64.0,7.0,64.0
956,64.0,13.0,22.0,97.0,9.0,97.0
957,86.0,13.0,48.0,86.0,11.0,86.0
958,64.0,12.0,22.0,119.0,12.0,119.0
959,69.0,12.0,25.0,101.0,8.0,101.0
960,61.0,13.0,25.0,178.0,10.0,178.0
961,59.0,13.0,18.0,160.0,8.0,160.0
962,64.0,13.0,20.0,76.0,11.0,76.0
963,56.0,13.0,20.0,86.0,7.0,86.0
964,59.0,11.0,25.0,125.0,9.0,125.0
965,62.0,14.0,20.0,127.0,8.0,127.0
966,51.0,13.0,17.0,127.0,10.0,127.0
967,59.0,12.0,17.0,125.0,8.0,125.0
968,62.0,12.0,18.0,94.0,16.0,94.0
969,63.0,11.0,28.0,89.0,10.0,89.0
970,53.0,12.0,28.0,82.0,12.0,82.0
971,58.0,13.0,22.0,75.0,9.0,75.0
972,67.0,13.0,30.0,78.0,15.0,78.0
973,58.0,13.0,26.0,79.0,10.0,79.0
974,58.0,12.0,19.0,103.0,9.0,103.0
975,61.0,13.0,18.0,141.0,11.0,141.0
976,68.0,12.0,24.0,132.0,13.0,132.0
977,55.0,14.0,26.0,111.0,12.0,111.0
978,60.0,12.0,20.0,127.0,9.0,127.0
979,71.0,13.0,26.0,78.0,15.0,78.0
980,52.0,13.0,20.0,82.0,11.0,82.0
981,64.0,12.0,20.0,106.0,11.0,106.0
982,66.0,13.0,21.0,73.0,11.0,73.0
983,63.0,14.0,25.0,87.0,14.0,87.0
984,61.0,13.0,25.0,106.0,15.0,106.0
985,63.0,12.0,23.0,99.0,10.0,99.0
986,61.0,13.0,21.0,113.0,15.0,113.0
987,57.0,13.0,22.0,95.0,8.0,95.0
988,59.0,11.0,24.0,65.0,10.0,65.0
989,59.0,9.0,21.0,72.0,8.0,72.0
990,58.0,13.0,22.0,132.0,8.0,132.0
991,69.0,13.0,25.0,88.0,12.0,88.0
992,60.0,13.0,14.0,84.0,7.0,84.0
993,54.0,13.0,6.0,106.0,5.0,106.0
994,56.0,14.0,8.0,134.0,8.0,134.0
995,64.0,13.0,10.0,75.0,7.0,75.0
996,66.0,15.0,11.0,76.0,6.0,76.0
997,68.0,13.0,15.0,159.0,8.0,159.0
998,68.0,13.0,15.0,69.0,9.0,69.0
999,59.0,12.0,20.0,83.0,8.0,83.0
1000,52.0,13.0,12.0,81.0,9.0,81.0
1001,63.0,12.0,14.0,103.0,5.0,103.0
1002,52.0,12.0,18.0,80.0,7.0,80.0
1003,55.0,12.0,20.0,76.0,12.0,76.0
1004,73.0,13.0,24.4,106.0,11.0,106.0
1005,70.0,13.0,19.0,81.0,10.0,81.0
1006,61.0,12.0,19.0,69.0,8.0,69.0
1007,59.0,13.0,14.0,71.0,7.0,71.0
1008,53.0,12.0,10.0,76.0,6.0,76.0
1009,57.0,11.0,15.0,85.0,11.0,85.0
1010,59.0,8.0,22.0,102.0,13.0,102.0
1011,50.0,11.0,16.0,130.0,9.0,130.0
1012,58.0,12.0,20.0,141.0,18.0,141.0
1013,56.0,12.0,19.0,107.0,17.0,107.0
1014,68.0,11.0,31.0,87.0,11.0,87.0
1015,51.44991108476586,22.036201780415432,16.99823943661972,68.13523131672598,9.91395908543923,77.0581797235023
1016,51.44991108476586,22.036201780415432,16.99823943661972,68.13523131672598,9.91395908543923,77.0581797235023
1017,51.44991108476586,22.036201780415432,16.99823943661972,68.13523131672598,9.91395908543923,77.0581797235023
1018,56.0,12.0,17.0,133.0,6.0,133.0
1019,58.0,11.0,13.0,144.0,9.0,144.0
1020,51.0,11.0,14.0,104.0,14.0,104.0
1021,58.0,13.0,19.0,78.0,9.0,78.0
1022,53.0,11.0,22.0,88.0,9.0,88.0
1023,55.0,13.0,16.0,68.0,7.0,68.0
1024,61.0,12.0,13.0,73.0,7.0,73.0
1025,56.0,13.0,9.0,88.0,8.0,88.0
1026,61.0,14.0,18.0,129.0,8.0,129.0
1027,56.0,13.0,19.0,113.0,9.0,113.0
1028,55.0,14.0,19.0,107.0,11.0,107.0
1029,58.0,14.0,23.0,91.0,7.0,91.0
1030,52.0,12.0,21.0,121.0,9.0,121.0
1031,55.0,13.0,23.0,97.0,12.0,97.0
1032,49.0,13.0,21.0,142.0,12.0,142.0
1033,46.0,15.0,17.0,120.0,11.0,120.0
1034,38.0,12.0,16.0,80.0,5.0,80.0
1035,32.0,12.0,16.0,48.0,7.8,48.0
1036,25.0,12.0,11.0,82.0,6.4,82.0
1037,33.0,12.0,14.0,91.0,8.0,91.0
1038,54.0,13.0,19.0,112.0,8.0,112.0
1039,51.0,12.0,27.0,119.0,13.0,119.0
1040,61.0,13.0,24.0,131.0,12.0,131.0
1041,69.0,15.0,26.0,147.0,19.0,147.0
1042,76.0,14.0,15.0,137.0,7.0,137.0
1043,61.0,15.0,19.2,148.0,15.0,148.0
1044,46.0,12.0,17.0,108.0,11.0,108.0
1045,59.0,11.0,22.0,98.0,12.0,98.0
1046,65.0,12.0,34.0,64.0,12.0,65.0
1047,39.0,12.0,24.0,46.0,8.0,46.0
1048,57.0,13.0,25.0,90.0,11.0,90.0
1049,38.0,12.0,19.4,81.0,6.0,81.0
1050,46.0,13.0,16.4,99.0,9.0,99.0
1051,55.0,13.0,14.0,77.0,7.0,77.0
1052,54.0,12.0,20.0,73.0,7.0,73.0
1053,41.0,11.0,18.0,134.0,12.0,134.0
1054,51.0,12.0,20.0,102.0,14.0,102.0
1055,52.0,11.0,27.0,80.0,8.0,80.0
1056,63.0,12.0,24.0,112.0,13.0,112.0
1057,57.0,11.0,27.0,113.0,7.0,113.0
1058,53.0,11.0,23.0,108.0,8.0,108.0
1059,58.0,12.0,29.0,110.0,15.0,110.0
1060,51.44991108476586,22.036201780415432,16.99823943661972,68.13523131672598,9.91395908543923,77.0581797235023
1061,48.0,9.0,28.0,106.0,9.0,106.0
1062,45.0,8.0,25.0,107.0,11.0,107.0
1063,52.0,8.0,26.0,88.0,8.0,88.0
1064,34.0,8.0,30.0,90.0,8.0,90.0
1065,27.0,11.0,21.0,91.0,6.0,91.0
1066,51.0,12.0,28.0,76.0,12.0,76.0
1067,61.0,12.0,29.0,82.0,9.0,82.0
1068,39.0,12.0,22.0,85.0,9.0,85.0
1069,42.0,12.0,25.0,68.0,6.0,68.0
1070,42.0,13.0,20.0,54.0,6.0,54.0
1071,52.0,11.0,13.4,84.0,9.0,84.0
1072,55.0,12.0,12.6,95.0,7.0,95.0
1073,56.0,13.0,18.2,80.0,7.0,80.0
1074,56.0,15.0,18.4,139.0,14.0,139.0
1075,52.0,11.0,18.0,87.0,13.0,87.0
1076,57.0,11.0,22.0,99.0,8.0,99.0
1077,42.0,11.0,23.0,94.0,6.0,94.0
1078,28.0,12.0,18.0,90.0,4.0,90.0
1079,51.44991108476586,22.036201780415432,16.99823943661972,68.13523131672598,9.91395908543923,77.0581797235023
1080,52.0,10.0,22.0,64.0,9.8,64.0
1081,30.0,9.0,28.0,93.0,11.0,93.0
1082,43.0,9.0,30.0,90.0,10.0,90.0
1083,54.0,9.0,30.0,99.0,8.0,99.0
1084,55.0,9.0,35.0,100.0,7.0,100.0
1085,49.8,9.0,24.0,76.0,11.0,76.0
1086,45.0,9.0,32.0,58.0,8.0,58.0
1087,39.0,12.0,34.0,81.0,9.0,81.0
1088,35.0,12.0,26.0,66.0,8.0,66.0
1089,59.8,12.0,22.0,78.0,11.0,78.0
1090,42.0,12.0,26.0,82.0,5.0,82.0
1091,42.0,12.0,34.0,61.0,10.0,61.0
1092,51.0,12.0,36.0,55.0,10.0,55.0
1093,61.0,12.0,55.0,76.0,8.0,76.0
1094,52.0,11.0,23.0,55.0,4.0,55.0
1095,38.0,11.0,25.0,41.0,6.0,41.0
1096,36.0,11.0,39.0,44.0,8.2,44.0
1097,51.0,11.0,27.0,51.0,6.4,51.0
1098,51.0,11.0,18.0,51.0,9.8,51.0
1099,52.0,12.0,25.0,57.0,4.0,57.0
1100,62.0,11.0,39.0,46.0,7.0,62.0
1101,38.0,11.0,22.0,52.0,5.8,52.0
1102,47.0,10.0,20.0,44.0,5.0,47.0
1103,67.0,11.0,58.0,46.0,13.0,67.0
1104,31.0,11.0,27.0,38.0,7.8,38.0
1105,26.0,11.0,20.0,31.0,5.4,31.0
1106,30.0,11.0,17.0,41.0,4.4,41.0
1107,42.0,11.0,15.0,39.0,4.8,42.0
1108,38.0,11.0,14.0,40.0,3.8,40.0
1109,44.0,11.0,16.0,63.0,6.0,63.0
1110,67.0,11.0,41.0,78.0,12.0,78.0
1111,52.0,12.0,40.0,119.0,12.0,119.0
1112,44.0,12.0,25.0,60.0,5.0,60.0
1113,76.0,14.0,62.0,110.0,10.0,110.0
1114,50.0,12.0,20.0,65.0,6.0,65.0
1115,62.0,12.0,41.0,50.0,15.0,62.0
1116,58.0,12.0,43.0,64.0,13.0,64.0
1117,53.0,14.0,24.0,59.0,6.0,59.0
1118,50.0,14.0,31.0,44.0,12.0,50.0
1119,40.0,14.0,34.0,35.0,5.0,40.0
1120,45.0,15.0,43.0,84.0,9.0,84.0
1121,36.0,14.0,29.0,78.0,11.0,78.0
1122,62.0,13.0,39.0,74.0,9.0,74.0
1123,70.0,13.0,42.0,79.0,10.0,79.0
1124,37.0,13.0,17.0,65.0,5.0,65.0
1125,45.0,14.0,27.0,54.0,8.0,54.0
1126,44.0,15.0,39.0,38.0,10.0,44.0
1127,38.0,15.0,35.0,45.0,8.0,45.0
1128,41.0,15.0,50.0,37.0,8.0,50.0
1129,40.0,15.0,53.0,38.0,9.4,53.0
1130,67.0,14.0,57.0,49.0,12.0,67.0
1131,55.0,14.0,26.0,45.0,8.0,55.0
1132,51.0,14.0,28.0,50.0,7.0,51.0
1133,26.0,14.0,20.0,48.0,10.0,48.0
1134,46.0,14.0,35.0,46.0,11.0,46.0
1135,44.0,15.0,27.0,52.0,6.0,52.0
1136,53.0,16.0,26.0,45.0,9.0,53.0
1137,48.0,16.0,19.0,126.0,6.0,126.0
1138,55.0,16.0,23.0,68.0,9.0,68.0
1139,57.0,15.0,36.0,56.0,8.0,57.0
1140,62.0,15.0,46.0,108.0,8.0,108.0
1141,52.0,17.0,35.0,55.0,15.0,55.0
1142,38.0,16.0,30.0,59.0,10.0,59.0
1143,51.0,16.0,47.0,58.0,11.0,58.0
1144,53.0,16.0,28.0,35.0,6.0,53.0
1145,43.0,15.0,21.0,35.0,7.0,43.0
1146,33.0,15.0,25.0,38.0,7.0,38.0
1147,55.0,14.0,75.0,41.0,11.0,75.0
1148,39.0,13.0,37.0,38.0,8.8,39.0
1149,32.0,14.0,21.0,39.0,8.0,39.0
1150,31.0,13.0,25.0,44.0,7.2,44.0
1151,49.0,15.0,27.0,49.0,6.0,49.0
1152,48.0,16.0,40.0,38.0,10.0,48.0
1153,50.0,15.0,33.0,48.0,13.0,50.0
1154,51.0,16.0,52.0,45.0,10.0,52.0
1155,43.0,16.0,23.0,54.0,8.0,54.0
1156,34.0,16.0,30.0,55.0,14.0,55.0
1157,66.0,16.0,51.0,70.0,13.0,70.0
1158,71.0,16.0,47.0,54.0,12.0,71.0
1159,35.0,16.0,19.0,38.0,4.0,38.0
1160,38.0,17.0,23.0,67.0,8.0,67.0
1161,43.0,17.0,16.0,64.0,4.6,64.0
1162,47.0,16.0,24.0,63.0,4.0,63.0
1163,45.0,16.0,20.0,35.0,7.4,45.0
1164,50.0,16.0,15.0,35.0,4.0,50.0
1165,51.44991108476586,22.036201780415432,16.99823943661972,68.13523131672598,9.91395908543923,77.0581797235023
1166,51.0,17.0,24.0,68.0,5.0,68.0
1167,43.0,16.0,19.0,75.0,4.0,75.0
1168,65.0,17.0,45.0,137.0,5.0,137.0
1169,51.0,16.0,35.0,93.0,5.0,93.0
1170,50.0,16.0,31.0,109.0,5.0,109.0
1171,43.0,16.0,27.0,105.0,5.0,105.0
1172,51.0,16.0,24.0,74.0,7.0,74.0
1173,62.0,24.0,36.0,43.0,7.0,62.0
1174,38.0,15.0,19.0,47.0,12.0,47.0
1175,32.0,17.0,18.0,55.0,5.0,55.0
1176,39.0,17.0,23.0,50.0,6.0,50.0
1177,43.0,17.0,21.0,95.0,7.0,95.0
1178,54.0,17.0,31.0,72.0,10.0,72.0
1179,40.0,18.0,18.0,97.0,7.0,97.0
1180,44.0,17.0,22.0,68.0,8.0,68.0
1181,48.0,16.0,19.0,73.0,4.0,73.0
1182,49.0,17.0,21.0,112.0,5.0,112.0
1183,74.0,18.0,36.0,73.0,8.0,74.0
1184,42.0,19.0,21.0,68.0,5.0,68.0
1185,38.0,18.0,23.0,35.0,7.0,38.0
1186,51.0,18.0,35.0,62.0,7.0,62.0
1187,55.0,19.0,22.0,44.0,6.0,55.0
1188,54.0,17.0,22.0,35.0,3.0,54.0
1189,59.0,19.0,25.0,65.0,7.0,65.0
1190,51.0,19.0,19.0,81.0,3.0,81.0
1191,52.0,17.0,29.0,33.0,6.0,52.0
1192,40.0,17.0,23.0,24.0,4.0,40.0
1193,26.0,18.0,13.0,40.0,3.0,40.0
1194,50.0,17.0,19.0,53.0,6.0,53.0
1195,53.0,17.0,26.0,72.0,8.0,72.0
1196,45.0,18.0,18.0,64.0,4.0,64.0
1197,60.0,17.0,31.0,71.0,4.0,71.0
1198,48.0,17.0,17.0,67.0,5.0,67.0
1199,40.0,17.0,22.0,73.0,6.0,73.0
1200,39.0,19.0,19.0,65.0,6.0,65.0
1201,37.0,18.0,17.0,55.0,5.0,55.0
1202,51.0,17.0,19.0,92.0,5.0,92.0
1203,36.0,18.0,15.0,66.0,4.0,66.0
1204,56.0,19.0,20.0,85.0,8.0,85.0
1205,62.0,18.0,20.0,89.0,9.0,89.0
1206,50.0,19.0,17.0,53.0,7.0,53.0
1207,58.0,19.0,26.0,75.0,8.0,75.0
1208,51.0,17.0,17.0,60.0,5.0,60.0
1209,39.0,18.0,22.0,40.0,6.0,40.0
1210,46.0,19.0,29.0,55.0,5.0,55.0
1211,62.0,18.0,23.0,71.0,5.0,71.0
1212,38.0,18.0,18.0,53.0,3.0,53.0
1213,38.0,19.0,22.0,79.0,5.0,79.0
1214,45.0,18.0,19.0,70.0,7.0,70.0
1215,65.0,19.0,37.0,77.0,10.0,77.0
1216,55.0,18.0,21.0,58.0,4.0,58.0
1217,25.0,19.0,12.0,46.0,5.0,46.0
1218,62.0,20.0,35.0,49.0,8.0,62.0
1219,40.0,19.0,14.0,35.0,5.0,40.0
1220,53.0,18.0,18.0,50.0,5.0,53.0
1221,38.0,18.0,13.0,47.0,5.0,47.0
1222,33.0,18.0,16.0,68.0,3.0,68.0
1223,66.0,17.0,18.0,65.0,5.0,66.0
1224,57.0,17.0,20.0,60.0,8.0,60.0
1225,67.0,17.0,26.0,68.0,7.0,68.0
1226,43.0,17.0,18.0,62.0,6.0,62.0
1227,44.0,17.0,20.0,63.0,5.0,63.0
1228,44.0,18.0,17.0,69.0,4.0,69.0
1229,57.0,17.0,17.0,64.0,6.0,64.0
1230,59.0,17.0,18.0,58.0,6.0,59.0
1231,56.0,17.0,17.0,63.0,6.0,63.0
1232,60.0,17.0,18.0,77.0,6.0,77.0
1233,52.0,17.0,15.0,75.0,4.0,75.0
1234,26.0,18.0,15.0,59.0,5.0,59.0
1235,34.0,18.0,14.0,67.0,5.0,67.0
1236,21.0,19.0,14.0,46.0,5.0,46.0
1237,48.0,19.0,16.0,55.0,5.0,55.0
1238,37.0,18.0,15.0,54.0,4.0,54.0
1239,57.0,17.0,26.0,28.0,6.0,57.0
1240,30.0,18.0,15.0,30.0,4.0,30.0
1241,37.0,18.0,18.0,40.0,5.0,40.0
1242,37.0,18.0,12.0,75.0,2.0,75.0
1243,39.0,17.0,15.0,78.0,5.0,78.0
1244,54.0,17.0,16.0,82.0,5.0,82.0
1245,44.0,17.0,36.0,55.0,8.0,55.0
1246,54.0,17.0,28.0,51.0,5.0,54.0
1247,52.0,17.0,22.0,59.0,5.0,59.0
1248,48.0,17.0,20.0,53.0,4.0,53.0
1249,47.0,16.0,14.0,45.0,4.0,47.0
1250,56.0,2.0,18.0,36.0,7.0,56.0
1251,54.0,3.0,17.0,60.0,8.0,60.0
1252,59.0,2.0,16.0,79.0,7.0,79.0
1253,53.0,2.0,19.0,96.0,15.0,96.0
1254,61.0,2.0,23.0,56.0,7.0,61.0
1255,77.0,2.0,38.0,58.0,9.0,77.0
1256,62.0,2.0,21.0,61.0,8.0,62.0
1257,54.0,4.0,17.0,66.0,8.0,66.0
1258,40.0,2.0,14.0,71.0,9.0,71.0
1259,47.0,2.0,14.0,69.0,6.0,69.0
1260,55.0,4.0,17.0,72.0,8.0,72.0
1261,62.0,3.0,18.0,65.0,5.0,65.0
1262,49.8,2.0,24.0,49.0,9.0,49.0
1263,60.0,3.0,20.0,48.0,9.0,60.0
1264,62.0,3.0,20.0,75.0,8.0,75.0
1265,52.0,3.0,14.0,57.0,6.0,57.0
1266,59.0,3.0,20.0,51.0,8.0,59.0
1267,58.0,3.0,17.0,58.0,6.0,58.0
1268,71.0,6.0,19.0,53.0,6.0,71.0
1269,54.0,12.0,21.0,61.0,7.0,61.0
1270,52.0,12.0,16.0,60.0,7.0,60.0
1271,76.0,12.0,37.0,77.0,12.0,77.0
1272,70.0,13.0,21.0,81.0,10.0,81.0
1273,64.0,13.0,18.0,69.0,7.0,69.0
1274,70.0,13.0,16.0,81.0,6.0,81.0
1275,71.0,14.0,15.0,78.0,6.0,78.0
1276,65.0,13.0,18.0,65.0,9.0,65.0
1277,63.0,13.0,15.0,71.0,6.0,71.0
1278,68.0,14.0,20.0,59.0,11.0,68.0
1279,58.0,14.0,23.0,88.0,10.0,88.0
1280,48.0,13.0,16.0,71.0,6.0,71.0
1281,57.0,15.0,16.0,48.0,8.0,57.0
1282,53.0,15.0,16.0,56.0,7.0,56.0
1283,51.0,15.0,15.0,61.0,12.0,61.0
1284,56.0,15.0,15.0,73.0,9.0,73.0
1285,49.0,14.0,14.0,64.0,6.0,64.0
1286,65.0,15.0,21.0,113.0,10.0,113.0
1287,71.0,16.0,20.0,111.0,10.0,111.0
1288,64.0,15.0,24.0,78.0,8.0,78.0
1289,64.0,15.0,20.0,71.0,13.0,71.0
1290,66.0,16.0,15.0,59.0,9.0,66.0
1291,61.0,16.0,14.0,51.0,7.0,61.0
1292,50.0,17.0,13.0,37.0,8.0,50.0
1293,53.2,20.0,17.0,58.0,14.0,58.0
1294,48.0,19.0,17.0,69.0,6.0,69.0
1295,45.2,18.0,21.0,72.0,9.0,72.0
1296,47.0,20.0,14.0,69.0,6.0,69.0
1297,61.2,22.0,24.0,82.0,11.0,82.0
1298,55.0,19.0,20.0,69.0,13.0,69.0
1299,41.6,19.0,14.0,68.0,6.0,68.0
1300,67.0,18.0,17.0,89.0,8.0,89.0
1301,63.0,17.0,13.0,77.0,6.0,77.0
1302,56.0,18.0,11.0,79.0,9.0,79.0
1303,56.0,19.0,12.0,73.0,8.0,73.0
1304,64.0,19.0,16.0,95.0,9.0,95.0
1305,64.0,20.0,16.0,111.0,12.0,111.0
1306,67.0,18.0,14.0,136.0,8.0,136.0
1307,53.0,19.0,13.0,70.0,8.0,70.0
1308,60.0,20.0,13.0,77.0,8.0,77.0
1309,73.0,20.0,21.0,76.0,10.0,76.0
1310,66.0,20.0,17.0,78.0,9.0,78.0
1311,59.0,19.0,12.0,84.0,6.0,84.0
1312,68.0,19.0,15.0,62.0,9.0,68.0
1313,74.0,19.0,21.0,103.0,8.0,103.0
1314,67.0,19.0,18.0,91.0,9.0,91.0
1315,62.0,19.0,17.0,63.0,8.0,63.0
1316,52.0,19.0,17.0,69.0,8.0,69.0
1317,53.0,20.0,19.0,76.0,8.0,76.0
1318,61.0,20.0,19.0,55.0,9.0,61.0
1319,60.0,22.0,29.0,67.0,11.0,67.0
1320,55.0,21.0,19.0,57.0,9.0,57.0
1321,38.0,21.0,21.0,51.0,13.0,51.0
1322,43.0,21.0,24.0,50.0,8.0,50.0
1323,46.0,21.0,20.0,68.0,6.0,68.0
1324,48.0,21.0,16.0,53.0,5.0,53.0
1325,56.0,22.0,19.0,71.0,9.0,71.0
1326,60.0,22.0,29.0,82.0,10.0,82.0
1327,57.0,22.0,18.0,64.0,8.0,64.0
1328,46.0,23.0,10.0,55.0,6.0,55.0
1329,56.0,24.0,20.0,55.0,11.0,56.0
1330,65.0,25.0,26.0,80.0,13.0,80.0
1331,55.0,27.0,17.0,52.0,8.0,55.0
1332,54.0,25.0,12.0,58.0,6.0,58.0
1333,49.0,25.0,9.0,73.0,7.0,73.0
1334,51.0,24.0,10.0,65.0,5.0,65.0
1335,58.0,25.0,13.0,58.0,9.0,58.0
1336,50.0,25.0,11.0,61.0,8.0,61.0
1337,55.0,26.0,15.0,70.0,10.0,70.0
1338,56.0,26.0,13.0,86.0,8.0,86.0
1339,60.0,20.0,13.0,77.0,8.0,77.0
1340,73.0,20.0,21.0,76.0,10.0,76.0
1341,66.0,20.0,17.0,78.0,9.0,78.0
1342,59.0,19.0,12.0,84.0,6.0,84.0
1343,68.0,19.0,15.0,62.0,9.0,68.0
1344,74.0,19.0,21.0,103.0,8.0,103.0
1345,67.0,19.0,18.0,91.0,9.0,91.0
1346,62.0,19.0,17.0,63.0,8.0,63.0
1347,52.0,19.0,17.0,69.0,8.0,69.0
1348,53.0,20.0,19.0,76.0,8.0,76.0
1349,61.0,20.0,19.0,55.0,9.0,61.0
1350,60.0,22.0,29.0,67.0,11.0,67.0
1351,55.0,21.0,19.0,57.0,9.0,57.0
1352,38.0,21.0,21.0,51.0,13.0,51.0
1353,43.0,21.0,24.0,50.0,8.0,50.0
1354,46.0,21.0,20.0,68.0,6.0,68.0
1355,48.0,21.0,16.0,53.0,5.0,53.0
1356,56.0,22.0,19.0,71.0,9.0,71.0
1357,60.0,22.0,29.0,82.0,10.0,82.0
1358,57.0,22.0,18.0,64.0,8.0,64.0
1359,46.0,23.0,10.0,55.0,6.0,55.0
1360,56.0,24.0,20.0,55.0,11.0,56.0
1361,65.0,25.0,26.0,80.0,13.0,80.0
1362,55.0,27.0,17.0,52.0,8.0,55.0
1363,54.0,25.0,12.0,58.0,6.0,58.0
1364,49.0,25.0,9.0,73.0,7.0,73.0
1365,51.0,24.0,10.0,65.0,5.0,65.0
1366,58.0,25.0,13.0,58.0,9.0,58.0
1367,50.0,25.0,11.0,61.0,8.0,61.0
1368,55.0,26.0,15.0,70.0,10.0,70.0
1369,56.0,26.0,13.0,86.0,8.0,86.0
1370,52.0,32.0,15.0,62.0,9.0,83.0
1371,52.0,35.0,16.0,74.0,7.0,89.0
1372,40.0,32.0,17.0,73.0,7.0,73.0
1373,43.0,33.0,19.0,91.0,6.0,91.0
1374,26.0,32.0,11.0,72.0,4.0,72.0
1375,33.0,34.0,8.0,76.0,4.0,76.0
1376,36.0,33.0,12.0,89.0,10.0,89.0
1377,36.0,35.0,11.0,107.0,7.0,107.0
1378,47.0,32.0,14.0,88.0,9.0,88.0
1379,38.0,32.0,21.0,72.0,8.0,72.0
1380,29.0,32.0,15.0,87.0,5.0,87.0
1381,43.0,34.0,20.0,62.0,7.0,89.0
1382,52.0,35.0,30.0,92.0,15.0,105.0
1383,56.0,34.0,25.0,94.0,12.0,94.0
1384,62.0,35.0,19.0,97.0,6.0,103.0
1385,55.0,35.0,16.0,83.0,6.0,88.0
1386,46.0,34.0,17.0,86.0,9.0,86.0
1387,45.0,36.0,16.0,67.0,12.0,75.0
1388,43.0,35.0,13.0,57.0,6.0,73.0
1389,46.0,37.0,17.0,63.0,11.0,80.0
1390,44.0,35.0,15.0,99.0,11.0,99.0
1391,46.0,37.0,24.0,50.0,10.0,71.0
1392,39.0,37.0,10.0,32.0,5.0,65.0
1393,39.0,38.0,10.0,100.0,5.0,100.0
1394,36.0,39.0,13.0,73.0,11.0,73.0
1395,41.0,41.0,14.0,61.0,10.0,80.0
1396,32.0,37.0,21.0,44.0,8.0,63.0
1397,45.0,39.0,29.0,66.0,13.0,75.0
1398,36.0,38.0,16.0,54.0,7.0,54.0
1399,50.0,40.0,21.0,44.0,9.0,50.0
1400,29.0,6.0,10.0,62.0,63.0,63.0
1401,37.0,82.0,38.0,32.0,58.0,11.0
1402,28.4,41.0,38.0,13.0,26.0,4.0
1403,36.0,63.0,41.0,12.0,65.0,4.0
1404,50.0,81.0,43.0,18.0,87.0,8.0
1405,49.0,75.0,41.0,16.0,68.0,9.0
1406,74.0,112.0,44.0,33.0,60.0,15.0
1407,55.0,88.0,42.0,21.0,67.0,11.0
1408,50.0,88.0,40.0,25.0,60.0,8.0
1409,63.0,107.0,43.0,31.0,74.0,12.0
1410,60.0,104.0,43.0,21.0,79.0,8.0
1411,50.0,86.0,43.0,21.0,94.0,10.0
1412,46.0,73.0,44.0,11.0,83.0,6.0
1413,52.0,74.0,44.0,13.0,53.0,8.0
1414,52.0,91.0,46.0,15.0,88.0,6.0
1415,45.0,68.0,44.0,10.0,56.0,9.0
1416,53.0,87.0,48.0,14.0,43.0,10.0
1417,54.0,99.0,44.0,20.0,107.0,9.0
1418,25.0,89.0,53.0,14.0,74.0,11.0
1419,25.0,98.0,43.0,34.0,81.0,12.0
1420,49.0,85.0,46.0,16.0,48.0,8.0
1421,36.0,81.0,44.0,26.0,56.0,9.0
1422,70.0,72.0,42.0,30.0,43.0,10.0
1423,56.0,102.0,46.0,17.0,64.0,10.0
1424,68.0,95.0,44.0,15.0,59.0,6.0
1425,55.0,74.0,43.0,15.0,32.0,12.0
1426,55.0,76.0,45.0,14.0,40.0,11.0
1427,51.0,71.0,43.0,8.0,44.0,8.0
1428,51.0,66.0,44.0,8.0,40.0,8.0
1429,37.0,17.0,43.0,8.0,22.0,5.0
1430,28.0,16.0,42.0,6.0,14.0,3.0
1431,47.0,43.0,15.0,17.0,5.0,75.0
1432,51.0,43.0,7.0,27.0,4.0,72.0
1433,42.0,43.0,11.0,28.0,6.0,54.0
1434,46.0,50.0,6.0,30.0,8.0,64.0
1435,31.0,46.0,4.0,24.0,2.0,46.0
1436,33.0,46.0,4.0,14.0,3.0,46.0
1437,22.0,44.0,6.0,20.0,1.0,44.0
1438,37.0,44.0,7.0,16.0,3.0,44.0
1439,31.0,44.0,7.0,16.0,4.0,44.0
1440,29.0,46.0,5.0,27.0,4.0,46.0
1441,34.0,51.0,12.0,38.0,5.0,55.0
1442,38.0,51.0,7.0,23.0,6.0,51.0
1443,51.44991108476586,22.036201780415432,16.99823943661972,68.13523131672598,9.91395908543923,77.0581797235023
1444,51.44991108476586,22.036201780415432,16.99823943661972,68.13523131672598,9.91395908543923,77.0581797235023
1445,45.0,24.4,12.4,60.0,5.0,75.0
1446,32.0,29.6,13.0,12.0,5.0,56.0
1447,28.0,19.4,16.0,31.0,6.0,45.0
1448,32.0,18.6,10.0,36.0,2.0,36.0
1449,39.0,28.2,12.0,33.0,3.0,53.0
1450,36.0,19.2,13.0,36.0,3.0,36.0
1451,25.0,18.2,12.0,27.0,5.0,27.0
1452,40.0,24.0,10.0,20.0,3.0,61.0
1453,68.0,15.0,25.0,29.0,5.0,106.0
1454,52.0,16.0,9.0,42.0,6.0,69.0
1455,39.0,14.0,7.0,28.0,3.0,53.0
1456,37.0,13.0,5.0,27.0,2.0,52.0
1457,44.0,15.0,8.0,48.0,4.0,59.0
1458,45.0,14.0,12.0,53.0,4.0,57.0
1459,25.0,13.0,4.0,21.0,2.0,25.0
1460,39.0,13.0,6.0,18.0,3.0,39.0
1461,41.0,10.0,9.0,24.0,27.0,41.0
1462,43.0,15.0,10.0,33.0,5.0,56.0
1463,58.0,15.0,22.0,38.0,5.0,86.0
1464,64.0,14.0,20.0,35.0,5.0,93.0
1465,50.0,13.0,15.0,17.0,4.0,67.0
1466,59.0,15.0,19.0,42.0,7.0,89.0
1467,52.0,18.0,28.0,52.0,11.0,81.0
1468,22.0,16.0,12.0,44.0,5.0,52.0
1469,26.0,21.0,22.0,40.0,9.0,68.0
1470,25.0,17.0,32.0,31.0,8.0,77.0
1471,15.0,16.0,7.0,23.0,4.0,33.0
1472,62.6,17.0,15.0,56.0,4.0,72.0
1473,50.8,18.0,9.0,37.0,4.0,58.0
1474,26.0,16.0,6.0,39.0,3.0,47.0
1475,29.0,20.0,14.0,40.0,8.0,78.0
1476,24.0,19.0,16.0,64.0,6.0,82.0
1477,70.0,19.0,16.0,60.0,7.0,92.0
1478,58.0,22.0,11.0,43.0,9.0,86.0
1479,51.0,21.0,7.0,38.0,5.0,64.0
1480,42.0,19.0,7.0,37.0,6.0,56.0
1481,46.0,17.0,17.0,41.0,10.0,46.0
1482,52.0,18.0,19.0,44.0,9.0,52.0
1483,84.0,20.0,33.0,57.0,10.0,112.0
1484,89.0,19.0,42.0,64.0,13.0,126.0
1485,64.0,19.0,31.0,34.0,10.0,90.0
1486,60.0,18.0,23.0,67.0,8.0,95.0
1487,54.0,18.0,15.0,50.0,7.0,79.0
1488,33.0,17.0,5.0,30.0,4.0,37.0
1489,26.0,16.0,9.0,26.0,5.0,49.0
1490,28.0,17.0,9.0,48.0,4.0,48.0
1491,46.0,16.0,10.0,41.0,4.0,46.0
1492,38.0,17.0,7.0,39.0,3.2,39.0
1493,73.0,28.0,18.0,26.0,18.0,110.0
1494,53.0,25.0,10.0,27.0,14.0,70.0
1495,32.0,27.0,6.0,24.0,9.0,53.0
1496,29.0,26.0,11.0,24.0,13.0,54.0
1497,27.0,24.0,10.0,24.0,12.0,51.0
1498,34.0,24.0,8.0,32.0,12.0,53.0
1499,33.0,24.0,9.0,30.0,13.0,50.0
1500,26.0,24.0,9.0,35.0,12.0,42.0
1501,33.0,25.0,9.0,23.0,12.0,53.0
1502,50.0,24.0,11.0,23.0,10.0,64.0
1503,38.0,23.0,6.0,18.0,7.0,57.0
1504,63.0,25.0,13.0,20.0,8.0,98.0
1505,59.0,26.0,12.0,30.0,13.0,89.0
1506,55.0,25.0,11.0,35.0,13.0,73.0
1507,40.0,24.0,9.0,32.0,12.0,62.0
1508,36.0,24.0,9.0,34.0,15.0,51.0
1509,46.0,26.0,15.0,28.0,18.0,67.0
1510,53.0,28.0,8.0,26.0,12.0,70.0
1511,28.0,25.0,13.0,23.0,14.0,51.0
1512,45.0,25.0,13.0,29.0,15.0,59.0
1513,29.0,24.0,7.0,30.0,9.0,42.0
1514,68.0,26.0,22.0,30.0,14.0,103.0
1515,66.0,26.0,12.0,29.0,16.0,90.0
1516,43.0,46.4,33.8,10.8,37.2,0.0
1517,27.0,25.0,6.0,24.0,7.0,54.0
1518,41.0,25.0,10.0,40.0,16.0,61.0
1519,50.0,27.0,10.0,41.0,16.0,73.0
1520,64.0,25.0,13.0,27.0,15.0,94.0
1521,62.0,28.0,13.0,21.0,14.0,97.0
1522,54.0,26.0,13.0,41.0,14.0,71.0
1523,57.0,27.0,18.0,38.0,20.0,83.0
1524,56.0,29.0,13.0,28.0,19.0,77.0
1525,54.0,31.0,11.0,39.0,20.0,77.0
1526,54.0,27.0,17.0,34.0,18.0,80.0
1527,64.0,28.0,18.0,31.0,19.0,93.0
1528,53.0,28.0,11.0,18.0,10.0,77.0
1529,41.0,30.0,7.0,19.0,10.0,63.0
1530,60.0,28.0,14.0,25.0,14.0,89.0
1531,29.0,26.0,7.0,28.0,11.0,52.0
1532,66.0,29.0,13.0,29.0,15.0,99.0
1533,53.0,29.0,7.0,23.0,9.0,72.0
1534,52.0,28.0,10.0,16.0,10.0,73.0
1535,51.0,28.0,9.0,25.0,10.0,76.0
1536,59.0,40.0,8.0,41.0,18.0,88.0
1537,71.0,32.0,11.0,39.0,19.0,106.0
1538,61.0,35.0,7.0,42.0,18.0,99.0
1539,59.0,33.0,7.0,39.0,14.0,87.0
1540,65.0,31.0,12.0,45.0,17.0,106.0
1541,81.0,27.0,15.0,37.0,16.0,118.0
1542,62.0,26.0,15.0,36.0,10.0,93.0
1543,51.0,26.0,9.0,27.0,8.0,77.0
1544,43.0,26.0,6.0,27.0,8.0,64.0
1545,38.0,26.0,7.0,28.0,9.0,62.0
1546,55.0,27.0,13.0,39.0,11.0,79.0
1547,51.0,30.0,11.0,56.0,19.0,73.0
1548,47.0,27.0,10.0,43.0,17.0,63.0
1549,51.0,26.0,14.0,48.0,21.0,51.0
1550,59.0,29.0,10.0,33.0,20.0,59.0
1551,56.0,12.0,18.0,32.0,25.0,56.0
1552,28.0,26.0,5.0,35.0,7.0,52.0
1553,51.0,33.0,8.0,37.0,10.0,70.0
1554,30.0,27.0,7.0,27.4,14.0,52.0
1555,68.0,29.0,28.0,60.2,28.0,103.0
1556,61.0,30.0,11.0,31.4,17.0,85.0
1557,35.0,32.0,3.0,34.0,5.0,51.0
1558,25.0,27.0,3.0,32.4,4.0,35.0
1559,31.0,28.0,5.0,29.0,7.0,52.0
1560,55.0,26.0,8.0,24.2,10.0,76.0
1561,64.0,25.0,16.0,42.8,18.0,101.0
1562,62.0,25.0,14.0,30.2,21.0,89.0
1563,51.2,27.0,15.0,39.8,16.0,69.0
1564,47.0,31.0,11.0,37.8,18.0,65.0
1565,48.0,31.0,10.0,40.2,19.0,67.0
1566,48.0,26.0,16.0,33.0,19.0,69.0
1567,52.0,27.0,14.0,32.0,22.0,72.0
1568,61.0,39.0,12.0,39.0,20.0,93.0
1569,55.0,43.0,8.0,31.4,14.0,82.0
1570,63.6,22.0,9.0,36.0,18.0,92.0
1571,50.0,19.0,7.0,32.0,14.0,75.0
1572,58.0,19.0,13.0,27.0,17.0,93.0
1573,57.0,20.0,8.0,39.0,14.0,83.0
1574,70.0,20.0,11.0,32.0,16.0,100.0
1575,57.0,19.0,9.0,41.0,15.0,73.0
1576,59.0,19.0,13.0,27.0,19.0,88.0
1577,57.0,19.0,10.0,26.0,16.0,84.0
1578,64.0,13.0,9.0,34.0,16.0,104.0
1579,51.0,11.0,9.0,32.0,16.0,80.0
1580,39.0,10.0,12.0,26.0,17.0,39.0
1581,54.0,12.0,10.0,39.8,18.0,54.0
1582,66.0,13.0,15.0,87.8,20.0,102.0
1583,55.0,13.0,13.0,50.2,17.0,77.0
1584,55.0,12.0,9.0,25.0,16.0,83.0
1585,65.0,13.0,18.0,106.8,19.0,108.0
1586,61.0,23.0,13.0,35.0,20.0,102.0
1587,39.0,20.0,9.0,60.0,15.0,66.0
1588,39.0,19.0,15.0,151.0,20.0,151.0
1589,50.0,20.0,8.0,71.0,15.0,76.0
1590,35.0,17.0,6.0,47.0,13.0,58.0
1591,46.0,22.0,8.0,66.0,13.0,76.0
1592,61.4,26.0,8.0,34.0,13.0,89.0
1593,64.8,21.0,10.0,29.0,15.0,96.0
1594,63.4,19.0,11.0,25.0,14.0,94.0
1595,51.2,18.0,6.0,26.0,10.0,77.0
1596,54.4,21.0,8.0,33.0,14.0,79.0
1597,44.8,18.0,7.0,29.0,10.0,68.0
1598,44.8,18.0,7.0,24.0,11.0,65.0
1599,47.4,43.0,6.0,25.0,4.0,58.0
1600,57.6,49.0,11.0,29.0,1.0,86.0
1601,54.4,37.0,7.0,29.0,11.0,81.0
1602,49.0,47.0,8.0,26.0,14.0,74.0
1603,53.0,45.0,10.0,25.0,15.0,73.0
1604,60.0,49.0,12.0,31.0,19.0,85.0
1605,76.0,45.0,13.0,27.6,17.0,112.0
1606,51.0,45.0,7.0,27.0,13.0,60.0
1607,58.0,47.0,8.0,29.0,16.0,82.0
1608,51.0,51.0,5.0,23.0,11.0,68.0
1609,62.0,48.0,8.0,25.6,16.0,86.0
1610,58.0,45.0,8.0,19.0,16.0,58.0
1611,44.0,45.0,9.0,34.6,14.0,45.0
1612,57.0,9.0,20.0,47.0,37.0,57.0
1613,73.0,43.0,12.0,29.6,22.0,105.0
1614,62.0,45.0,8.0,25.2,17.0,81.0
1615,58.0,49.0,8.0,27.4,16.0,78.0
1616,59.0,48.0,6.0,25.0,15.0,86.0
1617,58.0,44.0,8.0,23.0,15.0,87.0
1618,63.0,45.0,11.0,26.0,19.0,95.0
1619,55.0,47.0,7.0,24.0,14.0,78.0
1620,54.0,48.0,7.0,34.0,15.0,82.0
1621,59.0,48.0,8.0,26.0,16.0,88.0
1622,67.0,48.0,14.0,26.0,22.0,97.0
1623,60.0,47.0,9.0,30.0,17.0,86.0
1624,53.0,49.0,6.0,35.0,13.0,73.0
1625,49.0,49.0,6.0,32.0,12.0,71.0
1626,59.0,49.0,7.0,23.0,15.0,88.0
1627,73.0,52.0,9.0,24.0,21.0,114.0
1628,63.0,51.0,10.0,21.0,17.0,89.0
1629,66.0,50.0,14.0,21.0,19.0,99.0
1630,62.0,48.0,10.0,25.0,21.0,87.0
1631,63.0,50.0,7.0,18.0,22.0,93.0
1632,80.0,52.0,7.0,24.0,29.0,111.0
1633,53.0,48.0,4.0,22.0,17.0,64.0
1634,34.0,50.0,5.0,24.0,15.0,56.0
1635,59.0,52.0,9.0,29.0,23.0,89.0
1636,69.0,51.0,9.0,26.0,19.0,106.0
1637,85.0,51.0,11.0,27.0,22.0,127.0
1638,58.0,51.0,5.0,25.0,15.0,80.0
1639,72.0,50.0,9.0,29.0,15.0,110.0
1640,58.0,50.0,6.0,26.0,14.0,81.0
1641,71.0,52.0,8.0,25.0,19.0,71.0
1642,79.0,49.0,10.0,23.0,19.0,79.0
1643,64.0,48.0,8.0,22.0,18.0,92.0
1644,60.0,47.0,7.0,23.0,18.0,84.0
1645,80.0,45.0,10.0,28.0,17.0,124.0
1646,86.0,44.0,9.0,28.0,14.0,132.0
1647,67.0,46.0,7.0,38.0,15.0,105.0
1648,68.0,44.0,7.0,32.0,16.0,102.0
1649,73.0,48.0,8.0,31.0,17.0,109.0
1650,71.0,50.0,6.0,33.0,16.0,110.0
1651,79.0,51.0,7.0,34.0,17.0,119.0
1652,67.0,51.0,4.0,31.0,14.0,97.0
1653,60.0,47.0,5.0,21.0,14.0,80.0
1654,50.0,47.0,4.0,14.0,11.0,50.0
1655,62.0,50.0,8.0,25.0,18.0,99.0
1656,66.0,45.0,6.0,23.0,15.0,94.0
1657,80.0,49.0,9.0,28.0,23.0,126.0
1658,84.0,49.0,7.0,29.0,16.0,123.0
1659,70.0,49.0,5.0,31.0,14.0,102.0
1660,79.0,49.0,5.0,33.0,16.0,121.0
1661,80.0,48.0,4.0,33.0,17.0,122.0
1662,77.0,45.0,5.0,25.0,18.0,110.0
1663,54.0,45.0,4.0,19.0,13.0,81.0
1664,57.0,49.0,5.0,22.0,20.0,79.0
1665,63.0,46.0,5.0,38.0,16.0,91.0
1666,51.0,45.0,4.0,29.0,12.0,73.0
1667,68.0,47.0,6.0,32.0,17.0,102.0
1668,69.0,49.0,6.0,28.0,17.0,103.0
1669,64.0,50.0,11.0,30.0,15.0,96.0
1670,76.0,49.0,18.0,26.0,20.0,124.0
1671,73.0,47.0,17.0,26.0,18.0,73.0
1672,75.0,51.0,14.0,43.0,21.0,75.0
1673,57.0,9.0,18.0,31.0,29.0,57.0
1674,51.0,44.0,9.0,31.0,11.0,66.0
1675,48.0,47.0,10.0,29.0,12.0,65.0
1676,45.0,48.0,9.0,30.0,13.0,66.0
1677,56.0,51.0,8.0,27.0,14.0,82.0
1678,52.0,51.0,11.0,23.0,15.0,82.0
1679,52.0,42.0,16.0,19.0,18.0,77.0
1680,59.0,45.0,10.0,23.0,14.0,84.0
1681,57.0,47.0,9.0,26.0,13.0,84.0
1682,53.0,45.0,7.0,25.0,10.0,69.0
1683,36.0,41.0,6.0,27.0,12.0,54.0
1684,61.0,44.0,12.0,30.0,14.0,88.0
1685,54.0,46.0,7.0,32.0,11.0,73.0
1686,61.0,46.0,11.0,29.0,16.0,91.0
1687,69.0,45.0,14.0,29.0,16.0,102.0
1688,57.0,45.0,12.0,22.0,15.0,84.0
1689,53.0,48.0,9.0,24.0,15.0,79.0
1690,60.0,45.0,11.0,30.0,13.0,88.0
1691,58.0,43.0,10.0,35.0,11.0,86.0
1692,68.0,45.0,14.0,27.0,14.0,104.0
1693,57.0,46.0,10.0,29.0,14.0,83.0
1694,53.0,44.0,10.0,33.0,15.0,80.0
1695,58.0,49.0,14.0,29.0,18.0,88.0
1696,66.0,46.0,13.0,31.0,17.0,100.0
1697,66.0,46.0,11.0,32.0,15.0,100.0
1698,57.0,44.0,10.0,33.0,11.0,81.0
1699,54.0,46.0,9.0,30.0,15.0,82.0
1700,62.0,47.0,9.0,31.0,13.0,92.0
1701,63.0,46.0,10.0,42.0,17.0,94.0
1702,67.0,46.0,12.0,35.0,15.0,67.0
1703,87.0,46.0,16.0,38.0,17.0,87.0
1704,64.0,10.0,19.0,38.0,32.0,64.0
1705,57.0,46.0,13.0,32.0,14.0,83.0
1706,65.0,46.0,15.0,29.0,16.0,99.0
1707,56.0,45.0,9.0,39.0,13.0,86.0
1708,53.0,45.0,9.0,30.0,13.0,77.0
1709,61.0,46.0,11.0,36.0,14.0,93.0
1710,73.0,48.0,13.0,29.0,15.0,108.0
1711,60.0,48.0,11.0,26.0,15.0,84.0
1712,60.0,48.0,12.0,29.0,15.0,82.0
1713,48.0,46.0,9.0,31.0,12.0,61.0
1714,49.0,49.0,9.0,36.0,15.0,71.0
1715,61.0,50.0,10.0,43.0,16.0,89.0
1716,55.0,47.0,9.0,30.0,13.0,78.0
1717,51.0,47.0,8.0,26.0,11.0,65.0
1718,32.0,46.0,7.0,21.0,11.0,51.0
1719,53.0,50.0,17.0,24.0,22.0,81.0
1720,51.0,50.0,10.0,27.0,15.0,72.0
1721,47.0,49.0,7.0,29.0,13.0,72.0
1722,55.0,50.0,9.0,27.0,15.0,80.0
1723,56.0,48.0,10.0,31.0,12.0,81.0
1724,45.0,49.0,7.0,33.0,10.0,59.0
1725,54.0,50.0,9.0,35.0,15.0,78.0
1726,57.0,49.0,14.0,26.0,18.0,78.0
1727,57.0,51.0,10.0,29.0,16.0,82.0
1728,55.0,52.0,8.0,27.0,15.0,77.0
1729,54.0,50.0,11.0,22.0,16.0,75.0
1730,54.0,50.0,10.0,27.0,13.0,74.0
1731,48.0,49.0,12.0,26.0,16.0,71.0
1732,46.0,49.0,10.0,32.0,13.0,49.0
1733,61.0,49.0,13.0,31.0,22.0,61.0
1734,67.0,49.0,16.0,40.0,19.0,67.0
1735,58.0,49.0,9.0,35.0,11.0,77.0
1736,64.0,50.0,12.0,28.0,27.0,100.0
1737,54.0,50.0,8.0,32.0,14.0,76.0
1738,52.0,50.0,9.0,36.0,11.0,72.0
1739,42.0,51.0,7.0,36.0,10.0,65.0
1740,48.0,51.0,6.0,34.0,11.0,67.0
1741,44.0,50.0,7.0,28.0,11.0,62.0
1742,43.0,46.4,33.8,10.8,37.2,0.0
1743,45.0,51.0,7.0,38.0,11.0,63.0
1744,55.0,51.0,9.0,40.0,14.0,77.0
1745,58.0,51.0,10.0,39.0,12.0,79.0
1746,47.0,51.0,8.0,37.0,11.0,65.0
1747,52.0,52.0,9.0,38.0,15.0,71.0
1748,61.0,51.0,12.0,32.0,17.0,88.0
1749,72.0,52.0,14.0,40.0,19.0,107.0
1750,64.0,51.0,15.0,35.0,18.0,92.0
1751,65.0,51.0,15.0,39.0,18.0,95.0
1752,51.0,50.0,11.0,24.0,15.0,66.0
1753,45.0,50.0,15.0,18.0,17.0,61.0
1754,36.0,51.0,10.0,29.0,12.0,52.0
1755,53.0,53.0,11.0,29.0,15.0,74.0
1756,58.0,51.0,15.0,28.2,17.0,82.0
1757,59.0,52.0,13.0,39.0,21.0,87.0
1758,68.0,51.0,17.0,47.0,18.0,102.0
1759,62.0,51.0,13.0,38.0,15.0,90.0
1760,51.0,51.0,13.0,30.0,15.0,71.0
1761,45.0,52.0,8.0,33.0,13.0,64.0
1762,47.0,51.0,14.0,15.0,18.0,60.0
1763,37.0,52.0,17.0,13.0,18.0,52.0
1764,48.0,51.0,12.0,39.0,18.0,51.0
1765,45.0,17.4,28.0,39.0,8.8,45.0
