Tanggal,Wilayah,PM10,SO2,CO,O3,NO2,Max,Critical,Kategori
1/1/2017,DKI1,63,34,25,21,2,63,PM10,Sedang
1/2/2017,DKI1,16,32,16,19,1,32,SO2,Baik
1/3/2017,DKI1,18,32,17,20,2,32,SO2,Baik
1/4/2017,DKI1,24,32,22,20,2,32,SO2,Baik
1/5/2017,DKI1,29,32,25,14,2,32,SO2,Baik
1/6/2017,DKI1,21,31,24,18,2,31,SO2,Baik
1/7/2017,DKI1,30,32,22,17,3,32,SO2,Baik
1/8/2017,DKI1,29,33,17,19,2,33,SO2,Baik
1/9/2017,DKI1,29,32,23,13,2,32,SO2,Baik
1/10/2017,DKI1,38,32,34,21,4,38,PM10,Baik
1/11/2017,DKI1,25,32,25,20,2,32,SO2,Baik
1/12/2017,DKI1,29,32,23,17,2,32,SO2,Baik
1/13/2017,DKI1,29,32,19,12,1,32,SO2,Baik
1/14/2017,DKI1,22,31,17,13,1,31,SO2,Baik
1/15/2017,DKI1,27,32,16,17,1,32,SO2,Baik
1/16/2017,DKI1,,,,,,,,Tidak Ada Data
1/17/2017,DKI1,,,,,,,,Tidak Ada Data
1/18/2017,DKI1,24,28,19,14,1,28,SO2,Baik
1/19/2017,DKI1,24,,16,14,1,24,PM10,Baik
1/20/2017,DKI1,18,,15,10,1,18,PM10,Baik
1/21/2017,DKI1,35,,18,15,1,35,PM10,Baik
1/22/2017,DKI1,54,,20,16,2,54,PM10,Sedang
1/23/2017,DKI1,37,,18,13,2,37,PM10,Baik
1/24/2017,DKI1,32,,30,14,2,32,PM10,Baik
1/25/2017,DKI1,29,,18,9,2,29,PM10,Baik
1/26/2017,DKI1,33,,22,12,2,33,PM10,Baik
1/27/2017,DKI1,47,14,24,22,2,47,PM10,Baik
1/28/2017,DKI1,32,13,23,18,3,32,PM10,Baik
1/29/2017,DKI1,35,12,25,19,2,35,PM10,Baik
1/30/2017,DKI1,33,12,21,19,2,33,PM10,Baik
1/31/2017,DKI1,31,12,23,20,2,31,PM10,Baik
2/1/2017,DKI1,41,16,22,27,3,41,PM10,Baik
2/2/2017,DKI1,49,,23,41,3,49,PM10,Baik
2/3/2017,DKI1,53,,28,34,3,53,PM10,Sedang
2/4/2017,DKI1,30,,17,35,2,35,O3,Baik
2/5/2017,DKI1,22,,15,37,2,37,O3,Baik
2/6/2017,DKI1,25,,16,26,1,26,O3,Baik
2/7/2017,DKI1,39,6,20,22,2,39,PM10,Baik
2/8/2017,DKI1,28,6,19,23,3,28,PM10,Baik
2/9/2017,DKI1,41,6,20,22,2,41,PM10,Baik
2/10/2017,DKI1,30,4,23,32,3,32,O3,Baik
2/11/2017,DKI1,32,6,23,42,4,42,O3,Baik
2/12/2017,DKI1,35,3,18,40,3,40,O3,Baik
2/13/2017,DKI1,43,4,21,42,3,43,PM10,Baik
2/14/2017,DKI1,34,5,32,41,4,41,O3,Baik
2/15/2017,DKI1,27,6,22,40,4,40,O3,Baik
2/16/2017,DKI1,36,7,19,38,3,38,O3,Baik
2/17/2017,DKI1,52,4,30,33,4,52,PM10,Sedang
2/18/2017,DKI1,68,7,25,30,4,68,PM10,Sedang
2/19/2017,DKI1,57,4,34,25,2,57,PM10,Sedang
2/20/2017,DKI1,40,3,31,24,3,40,PM10,Baik
2/21/2017,DKI1,51,3,34,46,4,51,PM10,Sedang
2/22/2017,DKI1,58,15,25,78,5,78,O3,Sedang
2/23/2017,DKI1,52,7,27,71,7,71,O3,Sedang
2/24/2017,DKI1,62,7,30,67,5,67,O3,Sedang
2/25/2017,DKI1,50,6,24,68,3,68,O3,Sedang
2/26/2017,DKI1,44,8,25,60,4,60,O3,Sedang
2/27/2017,DKI1,30,6,23,44,4,44,O3,Baik
2/28/2017,DKI1,58,6,26,54,4,58,PM10,Sedang
3/1/2017,DKI1,51,8,26,46,5,51,PM10,Sedang
3/2/2017,DKI1,56,8,28,56,4,56,PM10,Sedang
3/3/2017,DKI1,49,5,33,53,4,53,O3,Sedang
3/4/2017,DKI1,37,9,25,75,5,75,O3,Sedang
3/5/2017,DKI1,51,7,24,53,4,53,O3,Sedang
3/6/2017,DKI1,42,8,19,44,3,44,O3,Baik
3/7/2017,DKI1,41,10,22,42,4,42,O3,Baik
3/8/2017,DKI1,25,7,22,84,4,84,O3,Sedang
3/9/2017,DKI1,53,12,22,101,6,101,O3,Tidak Sehat
3/10/2017,DKI1,62,8,28,43,5,62,PM10,Sedang
3/11/2017,DKI1,56,9,27,63,4,63,O3,Sedang
3/12/2017,DKI1,57,6,29,53,4,57,PM10,Sedang
3/13/2017,DKI1,53,9,24,60,5,60,O3,Sedang
3/14/2017,DKI1,62,14,24,48,4,62,PM10,Sedang
3/15/2017,DKI1,36,8,20,31,3,36,PM10,Baik
3/16/2017,DKI1,35,9,20,125,5,125,O3,Tidak Sehat
3/17/2017,DKI1,63,10,25,80,5,80,O3,Sedang
3/18/2017,DKI1,55,7,33,52,6,55,PM10,Sedang
3/19/2017,DKI1,51,13,27,50,2,51,PM10,Sedang
3/20/2017,DKI1,35,7,17,26,2,35,PM10,Baik
3/21/2017,DKI1,51,13,23,32,3,51,PM10,Sedang
3/22/2017,DKI1,34,8,24,47,6,47,O3,Baik
3/23/2017,DKI1,46,6,33,34,7,46,PM10,Baik
3/24/2017,DKI1,77,11,50,97,7,97,O3,Sedang
3/25/2017,DKI1,52,10,20,41,4,52,PM10,Sedang
3/26/2017,DKI1,57,9,30,54,3,57,PM10,Sedang
3/27/2017,DKI1,42,8,23,80,5,80,O3,Sedang
3/28/2017,DKI1,64,12,35,71,3,71,O3,Sedang
3/29/2017,DKI1,51,8,27,62,4,62,O3,Sedang
3/30/2017,DKI1,32,9,20,26,3,32,PM10,Baik
3/31/2017,DKI1,,,,,,,,Tidak Ada Data
4/1/2017,DKI1,41,6,19,---,3,41,PM10,BAIK
4/2/2017,DKI1,47,---,23,---,4,47,PM10,BAIK
4/3/2017,DKI1,30,13,24,---,3,30,PM10,BAIK
4/4/2017,DKI1,37,12,24,8,3,37,PM10,BAIK
4/5/2017,DKI1,31,12,24,6,4,31,PM10,BAIK
4/6/2017,DKI1,33,10,16,6,2,33,PM10,BAIK
4/7/2017,DKI1,40,12,17,57,3,57,O3,SEDANG
4/8/2017,DKI1,17,8,16,38,1,38,O3,BAIK
4/9/2017,DKI1,23,7,14,31,1,31,O3,BAIK
4/10/2017,DKI1,46,8,20,55,6,55,O3,SEDANG
4/11/2017,DKI1,43,7,23,73,4,73,O3,SEDANG
4/12/2017,DKI1,39,9,26,47,5,47,O3,BAIK
4/13/2017,DKI1,56,8,26,34,5,56,PM10,SEDANG
4/14/2017,DKI1,55,8,24,45,5,55,PM10,SEDANG
4/15/2017,DKI1,61,9,20,45,3,61,PM10,SEDANG
4/16/2017,DKI1,73,9,26,69,5,73,PM10,SEDANG
4/17/2017,DKI1,65,10,24,76,6,76,O3,SEDANG
4/18/2017,DKI1,79,7,26,86,7,86,O3,SEDANG
4/19/2017,DKI1,---,---,---,---,---,,,TIDAK ADA DATA
4/20/2017,DKI1,---,---,---,---,---,,,TIDAK ADA DATA
4/21/2017,DKI1,57,10,24,65,7,65,O3,SEDANG
4/22/2017,DKI1,71,8,31,56,6,71,PM10,SEDANG
4/23/2017,DKI1,53,11,22,67,5,67,O3,SEDANG
4/24/2017,DKI1,50,12,17,43,5,50,PM10,BAIK
4/25/2017,DKI1,68,10,30,35,4,68,PM10,SEDANG
4/26/2017,DKI1,47,10,18,44,6,47,PM10,BAIK
4/27/2017,DKI1,61,11,33,82,6,82,O3,SEDANG
4/28/2017,DKI1,53,10,28,51,5,53,PM10,SEDANG
4/29/2017,DKI1,39,10,17,32,2,39,PM10,BAIK
4/30/2017,DKI1,43,11,18,89,3,89,O3,SEDANG
5/1/2017,DKI1,57,12,20,88,4,88,O3,SEDANG
5/2/2017,DKI1,50,8,27,67,4,67,O3,SEDANG
5/3/2017,DKI1,62,10,34,86,4,86,O3,SEDANG
5/4/2017,DKI1,49,9,22,68,4,68,O3,SEDANG
5/5/2017,DKI1,51,11,23,53,4,53,O3,SEDANG
5/6/2017,DKI1,49,10,22,31,5,49,PM10,BAIK
5/7/2017,DKI1,53,8,26,48,6,53,PM10,SEDANG
5/8/2017,DKI1,55,10,27,52,3,55,PM10,SEDANG
5/9/2017,DKI1,54,11,30,42,5,54,PM10,SEDANG
5/10/2017,DKI1,64,11,28,35,4,64,PM10,SEDANG
5/11/2017,DKI1,76,14,28,87,5,87,O3,SEDANG
5/12/2017,DKI1,71,15,25,78,5,78,O3,SEDANG
5/13/2017,DKI1,59,12,20,80,5,80,O3,SEDANG
5/14/2017,DKI1,50,12,20,76,3,76,O3,SEDANG
5/15/2017,DKI1,20,15,19,91,5,91,O3,SEDANG
5/16/2017,DKI1,53,11,21,78,6,78,O3,SEDANG
5/17/2017,DKI1,60,11,24,56,7,60,PM10,SEDANG
5/18/2017,DKI1,56,11,20,81,9,81,O3,SEDANG
5/19/2017,DKI1,46,11,23,85,7,85,O3,SEDANG
5/20/2017,DKI1,59,15,18,64,6,64,O3,SEDANG
5/21/2017,DKI1,51,14,19,53,3,53,O3,SEDANG
5/22/2017,DKI1,35,14,19,53,5,53,O3,SEDANG
5/23/2017,DKI1,44,13,21,85,11,85,O3,SEDANG
5/24/2017,DKI1,61,17,20,82,8,82,O3,SEDANG
5/25/2017,DKI1,69,14,19,87,4,87,O3,SEDANG
5/26/2017,DKI1,54,13,20,134,9,134,O3,TIDAK SEHAT
5/27/2017,DKI1,69,14,24,79,8,79,O3,SEDANG
5/28/2017,DKI1,58,15,16,65,4,65,O3,SEDANG
5/29/2017,DKI1,36,12,20,31,3,36,PM10,BAIK
5/30/2017,DKI1,61,18,23,29,3,61,PM10,SEDANG
5/31/2017,DKI1,56,15,17,26,3,56,PM10,SEDANG
6/1/2017,DKI1,41,11,20,23,3,41,PM10,BAIK
6/2/2017,DKI1,53,14,25,75,4,75,O3,SEDANG
6/3/2017,DKI1,71,15,21,75,4,75,O3,SEDANG
6/4/2017,DKI1,42,13,23,72,5,72,O3,SEDANG
6/5/2017,DKI1,36,12,28,55,5,55,O3,SEDANG
6/6/2017,DKI1,31,12,19,63,6,63,O3,SEDANG
6/7/2017,DKI1,41,16,18,32,4,41,PM10,BAIK
6/8/2017,DKI1,38,21,18,31,3,38,PM10,BAIK
6/9/2017,DKI1,51,20,17,47,3,51,PM10,SEDANG
6/10/2017,DKI1,50,13,20,77,4,77,O3,SEDANG
6/11/2017,DKI1,57,13,19,56,5,57,PM10,SEDANG
6/12/2017,DKI1,52,13,17,48,4,52,PM10,SEDANG
6/13/2017,DKI1,54,14,23,70,6,70,O3,SEDANG
6/14/2017,DKI1,54,12,20,49,7,54,PM10,SEDANG
6/15/2017,DKI1,51,13,20,44,5,51,PM10,SEDANG
6/16/2017,DKI1,50,16,18,32,2,50,PM10,BAIK
6/17/2017,DKI1,42,15,18,55,3,55,O3,SEDANG
6/18/2017,DKI1,51,12,24,67,3,67,O3,SEDANG
6/19/2017,DKI1,34,14,21,84,4,84,O3,SEDANG
6/20/2017,DKI1,52,17,18,63,7,63,O3,SEDANG
6/21/2017,DKI1,63,19,21,65,4,65,O3,SEDANG
6/22/2017,DKI1,58,17,29,36,4,58,PM10,SEDANG
6/23/2017,DKI1,60,18,27,40,4,60,PM10,SEDANG
6/24/2017,DKI1,40,14,19,30,2,40,PM10,BAIK
6/25/2017,DKI1,55,15,27,31,2,55,PM10,SEDANG
6/26/2017,DKI1,12,12,14,29,1,29,O3,BAIK
6/27/2017,DKI1,20,11,15,33,2,33,O3,BAIK
6/28/2017,DKI1,28,13,25,33,3,33,O3,BAIK
6/29/2017,DKI1,33,12,19,46,3,46,O3,BAIK
6/30/2017,DKI1,29,11,16,57,3,57,O3,SEDANG
7/1/2017,DKI1,27,13,22,42,3,42,O3,BAIK
7/2/2017,DKI1,49,14,18,39,3,49,PM10,BAIK
7/3/2017,DKI1,45,13,14,48,2,48,O3,BAIK
7/4/2017,DKI1,35,14,16,53,2,53,O3,SEDANG
7/5/2017,DKI1,60,13,18,80,6,80,O3,SEDANG
7/6/2017,DKI1,49,14,19,90,7,90,O3,SEDANG
7/7/2017,DKI1,66,16,21,141,7,141,O3,TIDAK SEHAT
7/8/2017,DKI1,79,17,28,94,6,94,O3,SEDANG
7/9/2017,DKI1,38,15,16,58,3,58,O3,SEDANG
7/10/2017,DKI1,24,13,19,54,5,54,O3,SEDANG
7/11/2017,DKI1,30,15,19,73,5,73,O3,SEDANG
7/12/2017,DKI1,27,14,19,74,5,74,O3,SEDANG
7/13/2017,DKI1,37,16,23,103,5,103,O3,TIDAK SEHAT
7/14/2017,DKI1,45,18,22,71,5,71,O3,SEDANG
7/15/2017,DKI1,40,17,22,45,5,45,O3,BAIK
7/16/2017,DKI1,51,16,21,69,4,69,O3,SEDANG
7/17/2017,DKI1,38,16,19,96,6,96,O3,SEDANG
7/18/2017,DKI1,59,18,26,97,7,97,O3,SEDANG
7/19/2017,DKI1,86,20,22,122,9,122,O3,TIDAK SEHAT
7/20/2017,DKI1,53,15,24,50,7,53,PM10,SEDANG
7/21/2017,DKI1,43,13,23,95,5,95,O3,SEDANG
7/22/2017,DKI1,49,17,23,77,9,77,O3,SEDANG
7/23/2017,DKI1,45,14,20,64,4,64,O3,SEDANG
7/24/2017,DKI1,46,13,25,82,5,82,O3,SEDANG
7/25/2017,DKI1,48,16,20,56,6,56,O3,SEDANG
7/26/2017,DKI1,50,19,19,76,5,76,O3,SEDANG
7/27/2017,DKI1,50,17,20,85,10,85,O3,SEDANG
7/28/2017,DKI1,57,16,20,70,9,70,O3,SEDANG
7/29/2017,DKI1,38,16,18,55,5,55,O3,SEDANG
7/30/2017,DKI1,55,15,24,87,5,87,O3,SEDANG
7/31/2017,DKI1,48,14,19,74,4,74,O3,SEDANG
8/1/2017,DKI1,53,17,18,74,6,74,O3,SEDANG
8/2/2017,DKI1,46,18,19,60,5,60,O3,SEDANG
8/3/2017,DKI1,42,17,18,80,7,80,O3,SEDANG
8/4/2017,DKI1,52,18,18,97,7,97,O3,SEDANG
8/5/2017,DKI1,62,18,19,90,7,90,O3,SEDANG
8/6/2017,DKI1,61,18,19,90,5,90,O3,SEDANG
8/7/2017,DKI1,68,19,18,59,6,68,PM10,SEDANG
8/8/2017,DKI1,60,21,19,85,6,85,O3,SEDANG
8/9/2017,DKI1,56,16,23,141,6,141,O3,TIDAK SEHAT
8/10/2017,DKI1,34,15,21,72,6,72,O3,SEDANG
8/11/2017,DKI1,44,15,21,92,5,92,O3,SEDANG
8/12/2017,DKI1,56,19,18,65,8,65,O3,SEDANG
8/13/2017,DKI1,56,16,18,56,3,56,PM10,SEDANG
8/14/2017,DKI1,58,15,25,118,5,118,O3,TIDAK SEHAT
8/15/2017,DKI1,70,16,23,102,6,102,O3,TIDAK SEHAT
8/16/2017,DKI1,55,18,19,92,5,92,O3,SEDANG
8/17/2017,DKI1,39,18,18,105,5,105,O3,TIDAK SEHAT
8/18/2017,DKI1,5,21,17,63,4,63,O3,SEDANG
8/19/2017,DKI1,18,17,16,49,3,49,O3,BAIK
8/20/2017,DKI1,51,16,15,83,4,83,O3,SEDANG
8/21/2017,DKI1,52,19,18,77,5,77,O3,SEDANG
8/22/2017,DKI1,57,19,19,112,6,112,O3,TIDAK SEHAT
8/23/2017,DKI1,71,19,21,59,5,71,PM10,SEDANG
8/24/2017,DKI1,52,19,18,63,4,63,O3,SEDANG
8/25/2017,DKI1,53,19,16,66,4,66,O3,SEDANG
8/26/2017,DKI1,53,25,19,58,4,58,O3,SEDANG
8/27/2017,DKI1,62,20,18,51,6,62,PM10,SEDANG
8/28/2017,DKI1,56,18,16,49,5,56,PM10,SEDANG
8/29/2017,DKI1,61,24,21,138,6,138,O3,TIDAK SEHAT
8/30/2017,DKI1,56,18,20,48,5,56,PM10,SEDANG
8/31/2017,DKI1,51,18,16,64,5,64,O3,SEDANG
9/1/2017,DKI1,54,17,16,75,6,75,O3,SEDANG
9/2/2017,DKI1,56,18,15,77,3,77,O3,SEDANG
9/3/2017,DKI1,64,18,19,70,5,70,O3,SEDANG
9/4/2017,DKI1,63,19,20,110,9,110,O3,TIDAK SEHAT
9/5/2017,DKI1,52,17,19,79,6,79,O3,SEDANG
9/6/2017,DKI1,57,17,19,57,4,57,PM10,SEDANG
9/7/2017,DKI1,59,20,16,50,3,59,PM10,SEDANG
9/8/2017,DKI1,54,20,16,72,3,72,O3,SEDANG
9/9/2017,DKI1,55,21,16,64,4,64,O3,SEDANG
9/10/2017,DKI1,52,18,17,86,4,86,O3,SEDANG
9/11/2017,DKI1,56,17,20,95,4,95,O3,SEDANG
9/12/2017,DKI1,59,16,20,61,5,61,O3,SEDANG
9/13/2017,DKI1,59,19,21,113,6,113,O3,TIDAK SEHAT
9/14/2017,DKI1,68,23,21,86,6,86,O3,SEDANG
9/15/2017,DKI1,65,20,21,88,6,88,O3,SEDANG
9/16/2017,DKI1,59,18,18,66,5,66,O3,SEDANG
9/17/2017,DKI1,53,19,15,78,3,78,O3,SEDANG
9/18/2017,DKI1,---,---,---,---,---,,,TIDAK ADA DATA
9/19/2017,DKI1,57,20,16,77,6,77,O3,SEDANG
9/20/2017,DKI1,57,18,17,63,5,63,O3,SEDANG
9/21/2017,DKI1,55,16,18,58,6,58,O3,SEDANG
9/22/2017,DKI1,68,19,18,127,9,127,O3,TIDAK SEHAT
9/23/2017,DKI1,63,20,21,137,7,137,O3,TIDAK SEHAT
9/24/2017,DKI1,62,19,20,88,5,88,O3,SEDANG
9/25/2017,DKI1,60,19,21,63,8,63,O3,SEDANG
9/26/2017,DKI1,62,19,24,53,5,62,PM10,SEDANG
9/27/2017,DKI1,44,17,20,22,3,44,PM10,BAIK
9/28/2017,DKI1,60,16,31,81,7,81,O3,SEDANG
9/29/2017,DKI1,59,17,22,55,9,59,PM10,SEDANG
9/30/2017,DKI1,42,17,20,56,4,56,O3,SEDANG
10/1/2017,DKI1,52,17,20,53,4,53,O3,SEDANG
10/2/2017,DKI1,48,17,26,47,4,48,PM10,BAIK
10/3/2017,DKI1,50,17,22,65,7,65,O3,SEDANG
10/4/2017,DKI1,53,17,20,62,6,62,O3,SEDANG
10/5/2017,DKI1,60,18,21,49,5,60,PM10,SEDANG
10/6/2017,DKI1,48,20,16,36,4,48,PM10,BAIK
10/7/2017,DKI1,52,17,20,82,4,82,O3,SEDANG
10/8/2017,DKI1,39,18,19,41,4,41,O3,BAIK
10/9/2017,DKI1,53,17,19,68,5,68,O3,SEDANG
10/10/2017,DKI1,71,17,30,55,6,71,PM10,SEDANG
10/11/2017,DKI1,54,19,20,77,5,77,O3,SEDANG
10/12/2017,DKI1,46,17,23,89,6,89,O3,SEDANG
10/13/2017,DKI1,58,18,29,125,7,125,O3,TIDAK SEHAT
10/14/2017,DKI1,36,18,19,107,5,107,O3,TIDAK SEHAT
10/15/2017,DKI1,29,19,15,95,4,95,O3,SEDANG
10/16/2017,DKI1,36,20,18,55,4,55,O3,SEDANG
10/17/2017,DKI1,50,18,22,120,6,120,O3,TIDAK SEHAT
10/18/2017,DKI1,36,20,21,115,6,115,O3,TIDAK SEHAT
10/19/2017,DKI1,51,17,23,44,5,51,PM10,SEDANG
10/20/2017,DKI1,51,17,24,96,6,96,O3,SEDANG
10/21/2017,DKI1,73,18,37,76,7,76,O3,SEDANG
10/22/2017,DKI1,49,18,21,64,3,64,O3,SEDANG
10/23/2017,DKI1,52,19,17,74,6,74,O3,SEDANG
10/24/2017,DKI1,53,19,25,95,5,95,O3,SEDANG
10/25/2017,DKI1,55,20,20,79,5,79,O3,SEDANG
10/26/2017,DKI1,53,20,19,46,4,53,PM10,SEDANG
10/27/2017,DKI1,42,22,18,91,8,91,O3,SEDANG
10/28/2017,DKI1,42,20,23,73,6,73,O3,SEDANG
10/29/2017,DKI1,64,19,33,66,6,66,O3,SEDANG
10/30/2017,DKI1,58,20,24,71,5,71,O3,SEDANG
10/31/2017,DKI1,40,19,21,67,5,67,O3,SEDANG
11/1/2017,DKI1,40,21,19,88,11,88,O3,SEDANG
11/2/2017,DKI1,51,23,19,136,6,136,O3,TIDAK SEHAT
11/3/2017,DKI1,51,21,19,105,8,105,O3,TIDAK SEHAT
11/4/2017,DKI1,55,21,20,87,5,87,O3,SEDANG
11/5/2017,DKI1,64,20,27,57,9,64,PM10,SEDANG
11/6/2017,DKI1,32,17,16,49,3,49,O3,BAIK
11/7/2017,DKI1,37,17,19,12,3,37,PM10,BAIK
11/8/2017,DKI1,53,19,27,43,5,53,PM10,SEDANG
11/9/2017,DKI1,52,19,21,56,4,56,O3,SEDANG
11/10/2017,DKI1,50,19,28,101,5,101,O3,TIDAK SEHAT
11/11/2017,DKI1,56,20,24,150,5,150,O3,TIDAK SEHAT
11/12/2017,DKI1,44,18,18,81,3,81,O3,SEDANG
11/13/2017,DKI1,28,18,21,60,4,60,O3,SEDANG
11/14/2017,DKI1,52,19,27,71,5,71,O3,SEDANG
11/15/2017,DKI1,48,19,22,102,5,102,O3,TIDAK SEHAT
11/16/2017,DKI1,54,26,27,125,6,125,O3,TIDAK SEHAT
11/17/2017,DKI1,---,---,32,---,---,32,CO,BAIK
11/18/2017,DKI1,59,22,27,80,5,80,O3,SEDANG
11/19/2017,DKI1,46,20,22,79,9,79,O3,SEDANG
11/20/2017,DKI1,48,21,20,128,5,128,O3,TIDAK SEHAT
11/21/2017,DKI1,30,20,19,141,5,141,O3,TIDAK SEHAT
11/22/2017,DKI1,---,---,---,---,---,,,TIDAK ADA DATA
11/23/2017,DKI1,---,---,---,---,---,,,TIDAK ADA DATA
11/24/2017,DKI1,40,19,17,18,2,40,PM10,BAIK
11/25/2017,DKI1,27,19,18,20,2,27,PM10,BAIK
11/26/2017,DKI1,28,20,15,18,2,28,PM10,BAIK
11/27/2017,DKI1,20,18,16,19,2,20,PM10,BAIK
11/28/2017,DKI1,19,18,16,21,2,21,O3,BAIK
11/29/2017,DKI1,23,19,16,28,3,28,O3,BAIK
11/30/2017,DKI1,29,21,23,18,4,29,PM10,BAIK
12/1/2017,DKI1,27,21,21,19,3,27,PM10,BAIK
12/2/2017,DKI1,39,20,18,20,3,39,PM10,BAIK
12/3/2017,DKI1,33,19,17,27,3,33,PM10,BAIK
12/4/2017,DKI1,27,20,15,25,2,27,PM10,BAIK
12/5/2017,DKI1,30,19,18,29,4,30,PM10,BAIK
12/6/2017,DKI1,28,20,19,78,6,78,O3,SEDANG
12/7/2017,DKI1,35,22,19,40,4,40,O3,BAIK
12/8/2017,DKI1,---,---,---,---,---,,,TIDAK ADA DATA
12/9/2017,DKI1,---,---,---,---,---,,,TIDAK ADA DATA
12/10/2017,DKI1,---,---,---,---,---,,,TIDAK ADA DATA
12/11/2017,DKI1,25,20,17,16,2,25,PM10,BAIK
12/12/2017,DKI1,24,20,25,21,2,25,CO,BAIK
12/13/2017,DKI1,27,19,24,16,1,27,PM10,BAIK
12/14/2017,DKI1,10,20,20,31,4,31,O3,BAIK
12/15/2017,DKI1,---,---,---,---,---,,,TIDAK ADA DATA
12/16/2017,DKI1,51,23,22,18,2,51,PM10,SEDANG
12/17/2017,DKI1,33,20,18,29,2,33,PM10,BAIK
12/18/2017,DKI1,17,23,17,25,2,25,O3,BAIK
12/19/2017,DKI1,27,21,19,31,4,31,O3,BAIK
12/20/2017,DKI1,33,21,18,30,3,33,PM10,BAIK
12/21/2017,DKI1,30,21,22,28,3,30,PM10,BAIK
12/22/2017,DKI1,28,20,26,25,3,28,PM10,BAIK
12/23/2017,DKI1,34,21,21,35,3,35,O3,BAIK
12/24/2017,DKI1,24,21,18,34,2,34,O3,BAIK
12/25/2017,DKI1,20,19,14,22,2,22,O3,BAIK
12/26/2017,DKI1,16,20,14,33,2,33,O3,BAIK
12/27/2017,DKI1,22,21,15,27,3,27,O3,BAIK
12/28/2017,DKI1,31,23,17,35,3,35,O3,BAIK
12/29/2017,DKI1,35,24,21,45,4,45,O3,BAIK
12/30/2017,DKI1,49,23,18,54,3,54,O3,SEDANG
12/31/2017,DKI1,38,23,21,30,4,38,PM10,BAIK
1/1/2018,DKI1,35,20,22,27,2,35,PM10,BAIK
1/2/2018,DKI1,14,18,12,17,1,18,SO2,BAIK
1/3/2018,DKI1,,,,,,,,TIDAK ADA DATA
1/4/2018,DKI1,24,21,20,19,2,24,PM10,BAIK
1/5/2018,DKI1,23,19,17,21,2,23,PM10,BAIK
1/6/2018,DKI1,18,19,14,24,2,24,O3,BAIK
1/7/2018,DKI1,21,20,14,27,2,27,O3,BAIK
1/8/2018,DKI1,48,27,19,44,3,48,PM10,BAIK
1/9/2018,DKI1,24,23,16,29,2,29,O3,BAIK
1/10/2018,DKI1,28,23,16,44,3,44,O3,BAIK
1/11/2018,DKI1,40,30,18,36,4,40,PM10,BAIK
1/12/2018,DKI1,35,22,18,38,4,38,O3,BAIK
1/13/2018,DKI1,39,23,17,50,4,50,O3,BAIK
1/14/2018,DKI1,31,23,17,38,4,38,O3,BAIK
1/15/2018,DKI1,30,21,19,33,3,33,O3,BAIK
1/16/2018,DKI1,24,23,19,29,3,29,O3,BAIK
1/17/2018,DKI1,35,23,19,34,4,35,PM10,BAIK
1/18/2018,DKI1,41,22,22,23,5,41,PM10,BAIK
1/19/2018,DKI1,46,22,27,20,5,46,PM10,BAIK
1/20/2018,DKI1,27,20,18,23,2,27,PM10,BAIK
1/21/2018,DKI1,25,20,17,25,2,25,PM10,BAIK
1/22/2018,DKI1,17,20,17,18,2,20,SO2,BAIK
1/23/2018,DKI1,28,21,17,34,3,34,O3,BAIK
1/24/2018,DKI1,33,23,20,39,3,39,O3,BAIK
1/25/2018,DKI1,26,20,19,19,3,26,PM10,BAIK
1/26/2018,DKI1,21,20,19,25,3,25,O3,BAIK
1/27/2018,DKI1,27,21,19,37,3,37,O3,BAIK
1/28/2018,DKI1,32,22,17,23,4,32,PM10,BAIK
1/29/2018,DKI1,22,20,17,19,2,22,PM10,BAIK
1/30/2018,DKI1,27,21,20,23,3,27,PM10,BAIK
1/31/2018,DKI1,28,21,20,27,3,28,PM10,BAIK
2/1/2018,DKI1,44,21,19,31,3,44,PM10,BAIK
2/2/2018,DKI1,46,23,26,30,4,46,PM10,BAIK
2/3/2018,DKI1,18,21,19,27,3,27,O3,BAIK
2/4/2018,DKI1,22,20,16,27,2,27,O3,BAIK
2/5/2018,DKI1,31,19,19,27,3,31,PM10,BAIK
2/6/2018,DKI1,24,21,35,31,5,35,CO,BAIK
2/7/2018,DKI1,,,,,,,,TIDAK ADA DATA
2/8/2018,DKI1,,,,,,,,TIDAK ADA DATA
2/9/2018,DKI1,28,23,38,29,3,38,CO,BAIK
2/10/2018,DKI1,13,24,26,,4,26,CO,BAIK
2/11/2018,DKI1,24,25,19,30,3,30,O3,BAIK
2/12/2018,DKI1,15,20,21,43,3,43,O3,BAIK
2/13/2018,DKI1,41,21,22,40,5,41,PM10,BAIK
2/14/2018,DKI1,37,21,25,36,6,37,PM10,BAIK
2/15/2018,DKI1,21,22,32,25,5,32,CO,BAIK
2/16/2018,DKI1,20,22,23,42,3,42,O3,BAIK
2/17/2018,DKI1,13,22,17,24,3,24,O3,BAIK
2/18/2018,DKI1,29,22,19,40,3,40,O3,BAIK
2/19/2018,DKI1,19,21,20,34,3,34,O3,BAIK
2/20/2018,DKI1,24,28,22,29,4,29,O3,BAIK
2/21/2018,DKI1,37,21,19,29,3,37,PM10,BAIK
2/22/2018,DKI1,27,23,28,18,4,28,CO,BAIK
2/23/2018,DKI1,49,25,29,25,4,49,PM10,BAIK
2/24/2018,DKI1,32,22,19,39,3,39,O3,BAIK
2/25/2018,DKI1,23,20,16,42,2,42,O3,BAIK
2/26/2018,DKI1,36,22,22,41,4,41,O3,BAIK
2/27/2018,DKI1,44,22,26,30,4,44,PM10,BAIK
2/28/2018,DKI1,48,21,26,21,3,48,PM10,BAIK
3/1/2018,DKI1,52,22,24,66,4,66,O3,SEDANG
3/2/2018,DKI1,48,21,23,82,4,82,O3,SEDANG
3/3/2018,DKI1,57,23,19,51,3,57,PM10,SEDANG
3/4/2018,DKI1,42,22,29,130,5,130,O3,TIDAK SEHAT
3/5/2018,DKI1,37,20,20,37,3,37,PM10,BAIK
3/6/2018,DKI1,51,28,20,30,4,51,PM10,SEDANG
3/7/2018,DKI1,47,23,24,27,4,47,PM10,BAIK
3/8/2018,DKI1,49,22,26,50,4,50,O3,BAIK
3/9/2018,DKI1,57,26,29,42,5,57,PM10,SEDANG
3/10/2018,DKI1,49,24,27,23,3,49,PM10,BAIK
3/11/2018,DKI1,36,25,18,32,2,36,PM10,BAIK
3/12/2018,DKI1,36,24,20,24,3,36,PM10,BAIK
3/13/2018,DKI1,49,23,20,23,2,49,PM10,BAIK
3/14/2018,DKI1,52,22,20,36,3,52,PM10,SEDANG
3/15/2018,DKI1,54,28,24,59,5,59,O3,SEDANG
3/16/2018,DKI1,52,28,20,72,7,72,O3,SEDANG
3/17/2018,DKI1,62,26,24,56,6,62,PM10,SEDANG
3/18/2018,DKI1,68,24,46,91,4,91,O3,SEDANG
3/19/2018,DKI1,42,25,21,68,4,68,O3,SEDANG
3/20/2018,DKI1,44,24,23,133,6,133,O3,TIDAK SEHAT
3/21/2018,DKI1,47,24,27,67,4,67,O3,SEDANG
3/22/2018,DKI1,30,23,18,33,3,33,O3,BAIK
3/23/2018,DKI1,67,24,37,53,7,67,PM10,SEDANG
3/24/2018,DKI1,66,27,23,28,4,66,PM10,SEDANG
3/25/2018,DKI1,26,21,16,40,3,40,O3,BAIK
3/26/2018,DKI1,48,22,24,40,4,48,PM10,BAIK
3/27/2018,DKI1,25,24,20,91,1,91,O3,SEDANG
3/28/2018,DKI1,52,24,31,87,4,87,O3,SEDANG
3/29/2018,DKI1,31,23,26,24,5,31,PM10,BAIK
3/30/2018,DKI1,22,23,31,28,2,31,CO,BAIK
3/31/2018,DKI1,14,22,15,21,1,22,SO2,BAIK
4/1/2018,DKI1,25,22,17,22,1,25,PM10,BAIK
4/2/2018,DKI1,39,22,18,24,2,39,PM10,BAIK
4/3/2018,DKI1,45,22,27,23,2,45,PM10,BAIK
4/4/2018,DKI1,18,22,20,29,3,29,O3,BAIK
4/5/2018,DKI1,8,24,25,16,4,25,CO,BAIK
4/6/2018,DKI1,8,22,21,7,4,22,SO2,BAIK
4/7/2018,DKI1,8,23,21,6,4,23,SO2,BAIK
4/8/2018,DKI1,6,22,16,4,1,22,SO2,BAIK
4/9/2018,DKI1,11,22,20,10,3,22,SO2,BAIK
4/10/2018,DKI1,10,22,19,5,2,22,SO2,BAIK
4/11/2018,DKI1,50,22,20,25,2,50,PM10,BAIK
4/12/2018,DKI1,33,22,16,19,2,33,PM10,BAIK
4/13/2018,DKI1,33,22,16,29,2,33,PM10,BAIK
4/14/2018,DKI1,27,22,21,15,3,27,PM10,BAIK
4/15/2018,DKI1,53,22,23,44,2,53,PM10,SEDANG
4/16/2018,DKI1,56,23,25,22,7,56,PM10,SEDANG
4/17/2018,DKI1,46,22,20,30,5,46,PM10,BAIK
4/18/2018,DKI1,63,23,25,41,6,63,PM10,SEDANG
4/19/2018,DKI1,72,22,29,21,5,72,PM10,SEDANG
4/20/2018,DKI1,59,22,30,15,3,59,PM10,SEDANG
4/21/2018,DKI1,64,23,34,24,6,64,PM10,SEDANG
4/22/2018,DKI1,58,22,25,29,4,58,PM10,SEDANG
4/23/2018,DKI1,49,22,27,,2,49,PM10,BAIK
4/24/2018,DKI1,61,22,33,,3,61,PM10,SEDANG
4/25/2018,DKI1,69,22,35,,2,69,PM10,SEDANG
4/26/2018,DKI1,71,23,32,,3,71,PM10,SEDANG
4/27/2018,DKI1,50,22,22,,2,50,PM10,BAIK
4/28/2018,DKI1,53,22,23,,3,53,PM10,SEDANG
4/29/2018,DKI1,51,22,26,,5,51,PM10,SEDANG
4/30/2018,DKI1,54,23,22,,4,54,PM10,SEDANG
5/1/2018,DKI1,62,24,19,,9,62,PM10,SEDANG
5/2/2018,DKI1,62,23,22,,6,62,PM10,SEDANG
5/3/2018,DKI1,70,23,22,,4,70,PM10,SEDANG
5/4/2018,DKI1,78,23,31,,4,78,PM10,SEDANG
5/5/2018,DKI1,61,23,23,,3,61,PM10,SEDANG
5/6/2018,DKI1,48,23,17,,3,48,PM10,BAIK
5/7/2018,DKI1,50,24,17,,2,50,PM10,BAIK
5/8/2018,DKI1,51,25,21,,4,51,PM10,SEDANG
5/9/2018,DKI1,,24,20,,3,24,SO2,BAIK
5/10/2018,DKI1,55,2,18,36,3,55,PM10,SEDANG
5/11/2018,DKI1,49,1,16,33,3,49,PM10,BAIK
5/12/2018,DKI1,62,17,19,,3,62,PM10,SEDANG
5/13/2018,DKI1,43,16,22,59,3,59,O3,SEDANG
5/14/2018,DKI1,64,14,20,74,4,74,O3,SEDANG
5/15/2018,DKI1,63,14,24,80,4,80,O3,SEDANG
5/16/2018,DKI1,47,13,23,55,3,55,O3,SEDANG
5/17/2018,DKI1,51,14,19,30,4,51,PM10,SEDANG
5/18/2018,DKI1,42,13,11,27,2,42,PM10,BAIK
5/19/2018,DKI1,40,14,11,42,4,42,O3,BAIK
5/20/2018,DKI1,39,14,19,38,3,39,PM10,BAIK
5/21/2018,DKI1,29,14,17,50,4,50,O3,BAIK
5/22/2018,DKI1,40,14,14,34,4,40,PM10,BAIK
5/23/2018,DKI1,35,17,12,42,,42,O3,BAIK
5/24/2018,DKI1,19,17,,34,,34,O3,BAIK
5/25/2018,DKI1,55,18,,22,5,55,PM10,SEDANG
5/26/2018,DKI1,6,17,24,16,6,24,CO,BAIK
5/27/2018,DKI1,,,,,,,,TIDAK ADA DATA
5/28/2018,DKI1,,,,,,,,TIDAK ADA DATA
5/29/2018,DKI1,55,13,18,28,7,55,PM10,SEDANG
5/30/2018,DKI1,67,12,18,45,9,67,PM10,SEDANG
5/31/2018,DKI1,43,13,17,35,8,43,PM10,BAIK
6/1/2018,DKI1,25,12,18,16,8,25,PM10,BAIK
6/2/2018,DKI1,62,12,13,14,9,62,PM10,SEDANG
6/3/2018,DKI1,50,12,14,26,5,50,PM10,BAIK
6/4/2018,DKI1,34,11,11,24,3,34,PM10,BAIK
6/5/2018,DKI1,56,12,12,23,6,56,PM10,SEDANG
6/6/2018,DKI1,51,12,12,38,7,51,PM10,SEDANG
6/7/2018,DKI1,66,11,13,36,6,66,PM10,SEDANG
6/8/2018,DKI1,57,11,14,28,4,57,PM10,SEDANG
6/9/2018,DKI1,64,12,27,36,4,64,PM10,SEDANG
6/10/2018,DKI1,54,13,18,45,,54,PM10,SEDANG
6/11/2018,DKI1,56,11,14,35,,56,PM10,SEDANG
6/12/2018,DKI1,65,9,11,50,2,65,PM10,SEDANG
6/13/2018,DKI1,53,9,18,,3,53,PM10,SEDANG
6/14/2018,DKI1,26,8,12,44,2,44,O3,BAIK
6/15/2018,DKI1,53,8,12,38,2,53,PM10,SEDANG
6/16/2018,DKI1,56,7,20,29,2,56,PM10,SEDANG
6/17/2018,DKI1,,,8,,,8,CO,BAIK
6/18/2018,DKI1,,,,,,,,TIDAK ADA DATA
6/19/2018,DKI1,,,,,,,,TIDAK ADA DATA
6/20/2018,DKI1,,,,,,,,TIDAK ADA DATA
6/21/2018,DKI1,41,5,,17,,41,PM10,BAIK
6/22/2018,DKI1,39,6,9,22,2,39,PM10,BAIK
6/23/2018,DKI1,39,5,8,19,1,39,PM10,BAIK
6/24/2018,DKI1,38,5,10,31,1,38,PM10,BAIK
6/25/2018,DKI1,21,5,14,16,2,21,PM10,BAIK
6/26/2018,DKI1,41,6,28,7,,41,PM10,BAIK
6/27/2018,DKI1,48,5,20,22,4,48,PM10,BAIK
6/28/2018,DKI1,58,5,17,14,2,58,PM10,SEDANG
6/29/2018,DKI1,60,5,18,19,3,60,PM10,SEDANG
6/30/2018,DKI1,46,5,17,45,2,46,PM10,BAIK
7/1/2018,DKI1,64,8,16,34,2,64,PM10,SEDANG
7/2/2018,DKI1,58,7,16,23,4,58,PM10,SEDANG
7/3/2018,DKI1,56,7,16,39,4,56,PM10,SEDANG
7/4/2018,DKI1,68,7,15,21,4,68,PM10,SEDANG
7/5/2018,DKI1,63,7,15,18,3,63,PM10,SEDANG
7/6/2018,DKI1,55,8,15,20,5,55,PM10,SEDANG
7/7/2018,DKI1,,,,,,,,TIDAK ADA DATA
7/8/2018,DKI1,,,,,,,,TIDAK ADA DATA
7/9/2018,DKI1,34,6,15,50,,50,O3,BAIK
7/10/2018,DKI1,54,6,15,30,,54,PM10,SEDANG
7/11/2018,DKI1,73,7,15,25,,73,PM10,SEDANG
7/12/2018,DKI1,60,6,15,34,,60,PM10,SEDANG
7/13/2018,DKI1,59,6,14,42,,59,PM10,SEDANG
7/14/2018,DKI1,77,6,14,45,,77,PM10,SEDANG
7/15/2018,DKI1,52,5,12,32,,52,PM10,SEDANG
7/16/2018,DKI1,50,5,12,40,,50,PM10,BAIK
7/17/2018,DKI1,65,5,17,65,,65,PM10,SEDANG
7/18/2018,DKI1,65,6,17,53,,65,PM10,SEDANG
7/19/2018,DKI1,67,5,17,25,,67,PM10,SEDANG
7/20/2018,DKI1,70,5,16,25,,70,PM10,SEDANG
7/21/2018,DKI1,65,4,12,28,,65,PM10,SEDANG
7/22/2018,DKI1,48,4,18,43,,48,PM10,BAIK
7/23/2018,DKI1,53,4,23,31,,53,PM10,SEDANG
7/24/2018,DKI1,62,5,23,20,,62,PM10,SEDANG
7/25/2018,DKI1,55,5,15,35,,55,PM10,SEDANG
7/26/2018,DKI1,58,5,16,,,58,PM10,SEDANG
7/27/2018,DKI1,73,12,15,,9,73,PM10,SEDANG
7/28/2018,DKI1,53,11,20,65,3,65,O3,SEDANG
7/29/2018,DKI1,62,10,15,37,2,62,PM10,SEDANG
7/30/2018,DKI1,74,11,19,34,7,74,PM10,SEDANG
7/31/2018,DKI1,79,10,18,38,2,79,PM10,SEDANG
8/1/2018,DKI1,76,10,18,31,5,76,PM10,SEDANG
8/2/2018,DKI1,53,10,18,29,4,53,PM10,SEDANG
8/3/2018,DKI1,57,10,16,40,3,57,PM10,SEDANG
8/4/2018,DKI1,56,10,13,49,3,56,PM10,SEDANG
8/5/2018,DKI1,46,12,11,32,3,46,PM10,BAIK
8/6/2018,DKI1,48,12,12,38,4,48,PM10,BAIK
8/7/2018,DKI1,64,11,16,37,4,64,PM10,SEDANG
8/8/2018,DKI1,53,12,19,29,5,53,PM10,SEDANG
8/9/2018,DKI1,72,11,19,28,4,72,PM10,SEDANG
8/10/2018,DKI1,60,11,18,28,4,60,PM10,SEDANG
8/11/2018,DKI1,69,11,17,29,4,69,PM10,SEDANG
8/12/2018,DKI1,62,11,14,29,4,62,PM10,SEDANG
8/13/2018,DKI1,63,11,13,31,2,63,PM10,SEDANG
8/14/2018,DKI1,74,12,13,48,2,74,PM10,SEDANG
8/15/2018,DKI1,62,11,13,45,2,62,PM10,SEDANG
8/16/2018,DKI1,64,12,13,34,3,64,PM10,SEDANG
8/17/2018,DKI1,59,11,15,33,3,59,PM10,SEDANG
8/18/2018,DKI1,60,11,11,27,3,60,PM10,SEDANG
8/19/2018,DKI1,55,11,10,47,2,55,PM10,SEDANG
8/20/2018,DKI1,54,10,13,18,3,54,PM10,SEDANG
8/21/2018,DKI1,60,11,16,18,3,60,PM10,SEDANG
8/22/2018,DKI1,62,10,16,17,4,62,PM10,SEDANG
8/23/2018,DKI1,62,12,17,21,4,62,PM10,SEDANG
8/24/2018,DKI1,68,11,20,17,4,68,PM10,SEDANG
8/25/2018,DKI1,67,11,19,29,3,67,PM10,SEDANG
8/26/2018,DKI1,62,10,13,22,3,62,PM10,SEDANG
8/27/2018,DKI1,70,11,17,24,3,70,PM10,SEDANG
8/28/2018,DKI1,67,11,17,,3,67,PM10,SEDANG
8/29/2018,DKI1,55,10,16,34,3,55,PM10,SEDANG
8/30/2018,DKI1,60,10,17,34,3,60,PM10,SEDANG
8/31/2018,DKI1,49,10,18,36,4,49,PM10,BAIK
9/1/2018,DKI1,59,9,20,29,3,59,PM10,SEDANG
9/2/2018,DKI1,62,9,15,25,3,62,PM10,SEDANG
9/3/2018,DKI1,50,9,23,31,6,50,PM10,BAIK
9/4/2018,DKI1,50,10,22,37,3,50,PM10,BAIK
9/5/2018,DKI1,52,14,15,32,3,52,PM10,SEDANG
9/6/2018,DKI1,73,15,21,18,4,73,PM10,SEDANG
9/7/2018,DKI1,66,10,18,15,4,66,PM10,SEDANG
9/8/2018,DKI1,51,12,19,12,16,51,PM10,SEDANG
9/9/2018,DKI1,67,10,21,26,3,67,PM10,SEDANG
9/10/2018,DKI1,62,11,16,29,4,62,PM10,SEDANG
9/11/2018,DKI1,61,13,,,3,61,PM10,SEDANG
9/12/2018,DKI1,56,12,,,3,56,PM10,SEDANG
9/13/2018,DKI1,55,16,18,28,5,55,PM10,SEDANG
9/14/2018,DKI1,56,11,18,35,4,56,PM10,SEDANG
9/15/2018,DKI1,61,12,17,28,3,62,PM10,SEDANG
9/16/2018,DKI1,59,10,13,26,3,59,PM10,SEDANG
9/17/2018,DKI1,51,10,14,18,4,51,PM10,SEDANG
9/18/2018,DKI1,52,11,18,17,4,52,PM10,SEDANG
9/19/2018,DKI1,6,12,16,14,4,16,CO,BAIK
9/20/2018,DKI1,8,11,19,8,3,19,CO,BAIK
9/21/2018,DKI1,6,11,22,8,3,22,CO,BAIK
9/22/2018,DKI1,5,10,22,19,3,22,CO,BAIK
9/23/2018,DKI1,6,11,21,16,4,21,CO,BAIK
9/24/2018,DKI1,26,11,19,19,4,26,PM10,BAIK
9/25/2018,DKI1,53,12,17,16,5,53,PM10,SEDANG
9/26/2018,DKI1,69,11,18,27,5,69,PM10,SEDANG
9/27/2018,DKI1,56,10,17,25,4,56,PM10,SEDANG
9/28/2018,DKI1,44,11,16,33,4,44,PM10,BAIK
9/29/2018,DKI1,41,11,17,28,4,41,PM10,BAIK
9/30/2018,DKI1,54,11,12,39,3,54,PM10,SEDANG
10/1/2018,DKI1,47,11,15,26,4,47,PM10,BAIK
10/2/2018,DKI1,63,11,19,14,4,63,PM10,SEDANG
10/3/2018,DKI1,37,10,17,33,5,37,PM10,BAIK
10/4/2018,DKI1,38,11,17,35,4,38,PM10,BAIK
10/5/2018,DKI1,46,11,16,37,3,46,PM10,BAIK
10/6/2018,DKI1,37,11,20,32,3,37,PM10,BAIK
10/7/2018,DKI1,37,12,11,35,3,37,PM10,BAIK
10/8/2018,DKI1,37,11,14,33,4,37,PM10,BAIK
10/9/2018,DKI1,51,11,15,30,4,51,PM10,SEDANG
10/10/2018,DKI1,27,11,18,19,5,27,PM10,BAIK
10/11/2018,DKI1,59,11,17,22,4,59,PM10,SEDANG
10/12/2018,DKI1,53,11,17,15,5,53,PM10,SEDANG
10/13/2018,DKI1,55,11,20,26,5,55,PM10,SEDANG
10/14/2018,DKI1,64,12,14,30,4,64,PM10,SEDANG
10/15/2018,DKI1,52,10,16,23,3,52,PM10,SEDANG
10/16/2018,DKI1,57,10,19,43,5,57,PM10,SEDANG
10/17/2018,DKI1,---,11,19,28,5,28,O3,BAIK
10/18/2018,DKI1,59,11,18,23,5,59,PM10,SEDANG
10/19/2018,DKI1,30,10,20,38,5,38,O3,BAIK
10/20/2018,DKI1,43,10,16,35,3,43,PM10,BAIK
10/21/2018,DKI1,42,10,14,29,3,42,PM10,BAIK
10/22/2018,DKI1,33,10,14,39,4,39,O3,BAIK
10/23/2018,DKI1,36,9,14,32,3,36,PM10,BAIK
10/24/2018,DKI1,43,10,27,28,5,43,PM10,BAIK
10/25/2018,DKI1,36,10,17,14,4,36,PM10,BAIK
10/26/2018,DKI1,29,10,18,16,4,29,PM10,BAIK
10/27/2018,DKI1,57,10,18,35,5,57,PM10,SEDANG
10/28/2018,DKI1,34,9,12,33,3,34,PM10,BAIK
10/29/2018,DKI1,42,9,24,44,2,44,O3,BAIK
10/30/2018,DKI1,46,10,22,34,3,46,PM10,BAIK
10/31/2018,DKI1,47,10,16,19,3,47,PM10,BAIK
11/1/2018,DKI1,65,11,26,19,5,65,PM10,SEDANG
11/2/2018,DKI1,45,10,21,32,3,45,PM10,BAIK
11/3/2018,DKI1,51,11,21,37,4,51,PM10,SEDANG
11/4/2018,DKI1,45,10,17,28,2,45,PM10,BAIK
11/5/2018,DKI1,48,10,20,22,3,48,PM10,BAIK
11/6/2018,DKI1,45,10,19,41,3,45,PM10,BAIK
11/7/2018,DKI1,53,10,23,28,3,53,PM10,SEDANG
11/8/2018,DKI1,49,10,23,37,3,49,PM10,BAIK
11/9/2018,DKI1,,,,,,,,TIDAK ADA DATA
11/10/2018,DKI1,58,11,32,31,5,58,PM10,SEDANG
11/11/2018,DKI1,49,14,23,72,4,72,O3,SEDANG
11/12/2018,DKI1,59,16,20,65,3,65,O3,SEDANG
11/13/2018,DKI1,59,15,20,75,4,75,O3,SEDANG
11/14/2018,DKI1,37,15,18,32,2,37,PM10,BAIK
11/15/2018,DKI1,15,13,9,30,1,30,O3,BAIK
11/16/2018,DKI1,21,17,19,130,2,130,O3,TIDAK SEHAT
11/17/2018,DKI1,34,20,18,125,3,125,O3,TIDAK SEHAT
11/18/2018,DKI1,31,17,14,62,3,62,O3,SEDANG
11/19/2018,DKI1,53,16,18,43,3,53,PM10,SEDANG
11/20/2018,DKI1,41,15,17,61,3,61,O3,SEDANG
11/21/2018,DKI1,51,18,21,127,3,127,O3,TIDAK SEHAT
11/22/2018,DKI1,61,17,20,55,2,61,PM10,SEDANG
11/23/2018,DKI1,43,16,23,100,4,100,O3,SEDANG
11/24/2018,DKI1,61,16,38,61,4,61,PM10,SEDANG
11/25/2018,DKI1,54,12,19,71,2,71,O3,SEDANG
11/26/2018,DKI1,73,19,20,48,2,73,PM10,SEDANG
11/27/2018,DKI1,63,14,26,84,3,84,O3,SEDANG
11/28/2018,DKI1,51,15,20,62,3,62,O3,SEDANG
11/29/2018,DKI1,60,15,27,64,2,64,O3,SEDANG
11/30/2018,DKI1,53,14,20,73,3,73,O3,SEDANG
12/1/2018,DKI1,57,15,21,64,3,64,O3,SEDANG
12/2/2018,DKI1,59,18,22,65,15,65,O3,SEDANG
12/3/2018,DKI1,57,16,21,86,4,86,O3,SEDANG
12/4/2018,DKI1,63,13,29,71,3,71,O3,SEDANG
12/5/2018,DKI1,62,16,31,57,3,62,PM10,SEDANG
12/6/2018,DKI1,49,16,23,66,4,66,O3,SEDANG
12/7/2018,DKI1,50,16,21,82,4,82,O3,SEDANG
12/8/2018,DKI1,68,14,27,81,4,81,O3,SEDANG
12/9/2018,DKI1,54,15,17,80,3,80,O3,SEDANG
12/10/2018,DKI1,64,13,21,94,5,94,O3,SEDANG
12/11/2018,DKI1,82,15,39,92,4,92,O3,SEDANG
12/12/2018,DKI1,57,14,27,112,3,112,O3,TIDAK SEHAT
12/13/2018,DKI1,52,15,18,63,3,63,O3,SEDANG
12/14/2018,DKI1,50,15,15,69,3,69,O3,SEDANG
12/15/2018,DKI1,23,13,10,34,2,34,O3,BAIK
12/16/2018,DKI1,41,12,9,36,2,41,PM10,BAIK
12/17/2018,DKI1,35,13,12,62,3,62,O3,SEDANG
12/18/2018,DKI1,36,17,12,86,3,86,O3,SEDANG
12/19/2018,DKI1,60,15,20,88,3,88,O3,SEDANG
12/20/2018,DKI1,48,14,17,49,3,49,O3,BAIK
12/21/2018,DKI1,33,13,12,23,3,33,PM10,BAIK
12/22/2018,DKI1,---,---,---,---,---,,,TIDAK ADA DATA
12/23/2018,DKI1,48,14,---,15,2,48,PM10,BAIK
12/24/2018,DKI1,21,11,4,20,1,21,PM10,BAIK
12/25/2018,DKI1,22,13,6,22,2,22,PM10,BAIK
12/26/2018,DKI1,22,14,7,18,2,22,PM10,BAIK
12/27/2018,DKI1,28,13,15,55,3,55,O3,SEDANG
12/28/2018,DKI1,4,13,---,63,---,63,O3,SEDANG
12/29/2018,DKI1,19,---,5,---,8,19,PM10,BAIK
12/30/2018,DKI1,17,---,---,---,4,17,PM10,BAIK
12/31/2018,DKI1,24,---,4,33,3,33,O3,BAIK
1/1/2019,DKI1,29,15,5,,13,29,PM10,BAIK
1/2/2019,DKI1,24,17,5,,6,24,PM10,BAIK
1/3/2019,DKI1,16,16,5,29,4,29,O3,BAIK
1/4/2019,DKI1,38,18,8,24,,38,PM10,BAIK
1/5/2019,DKI1,37,29,16,,16,37,PM10,BAIK
1/6/2019,DKI1,66,34,30,,27,66,PM10,SEDANG
1/7/2019,DKI1,52,47,14,,25,52,PM10,SEDANG
1/8/2019,DKI1,36,,25,89,,89,O3,SEDANG
1/9/2019,DKI1,61,15,28,198,8,198,O3,TIDAK SEHAT
1/10/2019,DKI1,41,13,26,128,8,128,O3,TIDAK SEHAT
1/11/2019,DKI1,53,12,26,62,,62,O3,SEDANG
1/12/2019,DKI1,50,11,24,66,,66,O3,SEDANG
1/13/2019,DKI1,65,11,28,77,,77,O3,SEDANG
1/14/2019,DKI1,65,12,32,99,9,99,O3,SEDANG
1/15/2019,DKI1,65,13,26,56,,65,PM10,SEDANG
1/16/2019,DKI1,37,16,19,28,,37,PM10,BAIK
1/17/2019,DKI1,56,22,23,101,,101,O3,TIDAK SEHAT
1/18/2019,DKI1,27,12,16,103,,103,O3,TIDAK SEHAT
1/19/2019,DKI1,42,13,27,127,,127,O3,TIDAK SEHAT
1/20/2019,DKI1,74,30,31,28,,74,PM10,SEDANG
1/21/2019,DKI1,62,15,22,47,5,62,PM10,SEDANG
1/22/2019,DKI1,39,15,23,46,,46,O3,BAIK
1/23/2019,DKI1,59,16,37,26,,59,PM10,SEDANG
1/24/2019,DKI1,51,17,20,35,,51,PM10,SEDANG
1/25/2019,DKI1,29,19,22,47,12,47,O3,BAIK
1/26/2019,DKI1,63,19,33,118,15,118,O3,TIDAK SEHAT
1/27/2019,DKI1,24,12,14,,10,24,PM10,BAIK
1/28/2019,DKI1,52,12,22,64,10,64,O3,SEDANG
1/29/2019,DKI1,48,11,19,80,11,80,O3,SEDANG
1/30/2019,DKI1,24,18,22,73,9,73,O3,SEDANG
1/31/2019,DKI1,53,23,22,33,11,53,PM10,SEDANG
2/1/2019,DKI1,61,20,47,93,9,93,O3,SEDANG
2/2/2019,DKI1,61,37,47,31,10,61,PM10,SEDANG
2/3/2019,DKI1,51,26,16,37,7,51,PM10,SEDANG
2/4/2019,DKI1,54,22,27,31,6,54,PM10,SEDANG
2/5/2019,DKI1,45,20,29,30,7,45,PM10,BAIK
2/6/2019,DKI1,49,26,20,24,11,49,PM10,BAIK
2/7/2019,DKI1,59,25,34,65,10,65,O3,SEDANG
2/8/2019,DKI1,45,17,23,132,13,132,O3,TIDAK SEHAT
2/9/2019,DKI1,57,18,20,144,9,144,O3,TIDAK SEHAT
2/10/2019,DKI1,56,21,22,64,11,64,O3,SEDANG
2/11/2019,DKI1,30,17,19,60,7,60,O3,SEDANG
2/12/2019,DKI1,50,20,36,,14,50,PM10,BAIK
2/13/2019,DKI1,52,14,33,17,18,52,PM10,SEDANG
2/14/2019,DKI1,53,14,35,28,15,53,PM10,SEDANG
2/15/2019,DKI1,31,13,19,22,9,31,PM10,BAIK
2/16/2019,DKI1,18,13,15,51,10,51,O3,SEDANG
2/17/2019,DKI1,24,17,13,46,10,46,O3,BAIK
2/18/2019,DKI1,41,21,25,41,18,41,PM10,BAIK
2/19/2019,DKI1,64,20,26,48,21,64,PM10,SEDANG
2/20/2019,DKI1,56,14,34,22,21,56,PM10,SEDANG
2/21/2019,DKI1,37,14,28,19,17,37,PM10,BAIK
2/22/2019,DKI1,49,14,32,16,19,49,PM10,BAIK
2/23/2019,DKI1,32,12,24,56,15,56,O3,SEDANG
2/24/2019,DKI1,48,12,29,46,14,48,PM10,BAIK
2/25/2019,DKI1,36,12,23,49,11,49,O3,BAIK
2/26/2019,DKI1,48,14,25,25,14,48,PM10,BAIK
2/27/2019,DKI1,55,14,24,22,17,55,PM10,SEDANG
2/28/2019,DKI1,42,13,22,28,13,42,PM10,BAIK
3/1/2019,DKI1,50,13,29,16,15,50,PM10,BAIK
3/2/2019,DKI1,30,19,24,21,12,30,PM10,BAIK
3/3/2019,DKI1,38,16,15,47,15,47,O3,BAIK
3/4/2019,DKI1,52,21,32,42,22,52,PM10,SEDANG
3/5/2019,DKI1,40,15,28,29,21,40,PM10,BAIK
3/6/2019,DKI1,46,15,25,29,17,46,PM10,BAIK
3/7/2019,DKI1,45,17,39,66,16,66,O3,SEDANG
3/8/2019,DKI1,56,18,41,33,27,56,PM10,SEDANG
3/9/2019,DKI1,48,14,29,109,21,109,O3,TIDAK SEHAT
3/10/2019,DKI1,48,17,22,52,11,52,O3,SEDANG
3/11/2019,DKI1,28,15,20,25,10,28,PM10,BAIK
3/12/2019,DKI1,41,15,20,17,12,41,PM10,BAIK
3/13/2019,DKI1,43,14,28,50,16,50,O3,BAIK
3/14/2019,DKI1,47,16,30,99,18,99,O3,SEDANG
3/15/2019,DKI1,57,29,28,60,16,60,O3,SEDANG
3/16/2019,DKI1,47,15,42,28,12,47,PM10,BAIK
3/17/2019,DKI1,30,19,18,33,9,33,O3,BAIK
3/18/2019,DKI1,31,19,18,21,8,31,PM10,BAIK
3/19/2019,DKI1,25,16,18,12,6,25,PM10,BAIK
3/20/2019,DKI1,21,15,16,25,8,25,O3,BAIK
3/21/2019,DKI1,23,3,16,24,10,24,O3,BAIK
3/22/2019,DKI1,30,7,20,28,9,30,PM10,BAIK
3/23/2019,DKI1,25,6,15,19,8,25,PM10,BAIK
3/24/2019,DKI1,16,5,9,28,4,28,O3,BAIK
3/25/2019,DKI1,18,5,14,19,7,19,O3,BAIK
3/26/2019,DKI1,44,8,29,32,12,44,PM10,BAIK
3/27/2019,DKI1,29,6,25,53,15,53,O3,SEDANG
3/28/2019,DKI1,44,5,36,47,18,47,O3,BAIK
3/29/2019,DKI1,53,6,34,54,20,54,O3,SEDANG
3/30/2019,DKI1,40,6,25,79,16,79,O3,SEDANG
3/31/2019,DKI1,51,8,35,94,18,94,O3,SEDANG
4/1/2019,DKI1,51,9,31,76,20,76,O3,SEDANG
4/2/2019,DKI1,49,6,49,54,15,54,O3,SEDANG
4/3/2019,DKI1,51,7,44,46,18,51,PM10,SEDANG
4/4/2019,DKI1,50,5,30,43,17,50,PM10,BAIK
4/5/2019,DKI1,45,8,25,24,18,45,PM10,BAIK
4/6/2019,DKI1,45,7,27,72,14,72,O3,SEDANG
4/7/2019,DKI1,61,10,41,87,13,87,O3,SEDANG
4/8/2019,DKI1,47,7,24,84,17,84,O3,SEDANG
4/9/2019,DKI1,46,14,27,70,18,70,O3,SEDANG
4/10/2019,DKI1,57,16,32,81,27,81,O3,SEDANG
4/11/2019,DKI1,52,11,23,52,17,52,PM10,SEDANG
4/12/2019,DKI1,31,7,19,44,9,44,O3,BAIK
4/13/2019,DKI1,32,5,24,37,10,37,O3,BAIK
4/14/2019,DKI1,35,7,17,70,14,70,O3,SEDANG
4/15/2019,DKI1,42,6,25,44,23,44,O3,BAIK
4/16/2019,DKI1,45,6,29,94,16,94,O3,SEDANG
4/17/2019,DKI1,50,7,37,49,16,50,PM10,BAIK
4/18/2019,DKI1,51,5,19,60,16,60,O3,SEDANG
4/19/2019,DKI1,37,4,21,20,9,37,PM10,BAIK
4/20/2019,DKI1,21,6,16,47,20,47,O3,BAIK
4/21/2019,DKI1,43,9,16,31,16,43,PM10,BAIK
4/22/2019,DKI1,40,9,17,28,9,40,PM10,BAIK
4/23/2019,DKI1,50,16,18,27,10,50,PM10,BAIK
4/24/2019,DKI1,42,10,20,16,15,42,PM10,BAIK
4/25/2019,DKI1,65,13,36,60,12,65,PM10,SEDANG
4/26/2019,DKI1,33,7,22,67,22,67,O3,SEDANG
4/27/2019,DKI1,44,8,31,32,11,44,PM10,BAIK
4/28/2019,DKI1,49,6,42,38,11,49,PM10,BAIK
4/29/2019,DKI1,53,8,35,48,19,53,PM10,SEDANG
4/30/2019,DKI1,42,4,29,48,21,48,O3,BAIK
5/1/2019,DKI1,49,3,24,54,11,54,O3,SEDANG
5/2/2019,DKI1,27,5,14,19,5,27,PM10,BAIK
5/3/2019,DKI1,41,15,24,42,16,42,O3,BAIK
5/4/2019,DKI1,51,12,32,29,14,51,PM10,SEDANG
5/5/2019,DKI1,38,7,34,82,15,82,O3,SEDANG
5/6/2019,DKI1,35,7,22,70,13,70,O3,SEDANG
5/7/2019,DKI1,49,9,31,44,16,49,PM10,BAIK
5/8/2019,DKI1,55,4,30,61,21,61,O3,SEDANG
5/9/2019,DKI1,52,6,26,57,19,57,O3,SEDANG
5/10/2019,DKI1,35,3,24,42,16,42,O3,BAIK
5/11/2019,DKI1,47,3,21,40,13,47,PM10,BAIK
5/12/2019,DKI1,57,2,19,46,12,57,PM10,SEDANG
5/13/2019,DKI1,51,3,28,41,15,51,PM10,SEDANG
5/14/2019,DKI1,53,6,23,31,13,53,PM10,SEDANG
5/15/2019,DKI1,56,11,19,38,12,56,PM10,SEDANG
5/16/2019,DKI1,48,7,23,78,18,78,O3,SEDANG
5/17/2019,DKI1,53,7,24,47,18,53,PM10,SEDANG
5/18/2019,DKI1,47,10,21,59,15,59,O3,SEDANG
5/19/2019,DKI1,72,12,18,80,16,80,O3,SEDANG
5/20/2019,DKI1,54,8,22,47,15,54,PM10,SEDANG
5/21/2019,DKI1,55,7,21,66,16,66,O3,SEDANG
5/22/2019,DKI1,52,10,16,44,10,52,PM10,SEDANG
5/23/2019,DKI1,47,7,20,59,16,59,O3,SEDANG
5/24/2019,DKI1,55,11,22,38,13,55,PM10,SEDANG
5/25/2019,DKI1,51,9,15,49,19,51,PM10,SEDANG
5/26/2019,DKI1,49,8,14,75,15,75,O3,SEDANG
5/27/2019,DKI1,58,13,32,60,14,60,O3,SEDANG
5/28/2019,DKI1,52,10,26,39,10,52,PM10,SEDANG
5/29/2019,DKI1,51,10,19,40,11,51,PM10,SEDANG
5/30/2019,DKI1,53,6,19,54,10,54,O3,SEDANG
5/31/2019,DKI1,48,6,16,42,16,48,PM10,BAIK
6/1/2019,DKI1,50,6,18,69,15,69,O3,SEDANG
6/2/2019,DKI1,53,5,22,72,14,72,O3,SEDANG
6/3/2019,DKI1,40,4,13,62,10,62,O3,SEDANG
6/4/2019,DKI1,55,4,18,48,11,55,PM10,SEDANG
6/5/2019,DKI1,53,9,20,35,13,53,PM10,SEDANG
6/6/2019,DKI1,33,6,11,39,9,39,O3,BAIK
6/7/2019,DKI1,43,5,9,34,8,43,PM10,BAIK
6/8/2019,DKI1,29,4,13,71,8,71,O3,SEDANG
6/9/2019,DKI1,37,5,17,76,15,76,O3,SEDANG
6/10/2019,DKI1,45,8,20,56,16,56,O3,SEDANG
6/11/2019,DKI1,48,8,22,64,22,64,O3,SEDANG
6/12/2019,DKI1,67,8,22,72,18,72,O3,SEDANG
6/13/2019,DKI1,55,9,25,68,21,68,O3,SEDANG
6/14/2019,DKI1,52,7,21,59,16,59,O3,SEDANG
6/15/2019,DKI1,46,7,27,56,24,56,O3,SEDANG
6/16/2019,DKI1,50,9,16,70,17,70,O3,SEDANG
6/17/2019,DKI1,52,9,23,42,14,52,PM10,SEDANG
6/18/2019,DKI1,52,10,20,44,12,52,PM10,SEDANG
6/19/2019,DKI1,52,11,16,68,16,68,O3,SEDANG
6/20/2019,DKI1,62,12,25,79,17,79,O3,SEDANG
6/21/2019,DKI1,62,13,23,66,13,66,O3,SEDANG
6/22/2019,DKI1,61,14,17,91,15,91,O3,SEDANG
6/23/2019,DKI1,65,9,20,76,17,76,O3,SEDANG
6/24/2019,DKI1,63,10,20,75,13,75,O3,SEDANG
6/25/2019,DKI1,---,13,23,78,14,78,O3,SEDANG
6/26/2019,DKI1,63,14,20,62,15,63,PM10,SEDANG
6/27/2019,DKI1,71,10,22,113,16,113,O3,TIDAK SEHAT
6/28/2019,DKI1,62,8,28,69,21,69,O3,SEDANG
6/29/2019,DKI1,59,14,26,51,14,59,PM10,SEDANG
6/30/2019,DKI1,57,13,16,58,12,58,O3,SEDANG
7/1/2019,DKI1,59,10,23,51,15,59,PM10,SEDANG
7/2/2019,DKI1,61,11,24,73,15,73,O3,SEDANG
7/3/2019,DKI1,60,26,21,45,16,60,PM10,SEDANG
7/4/2019,DKI1,58,25,20,29,16,58,PM10,SEDANG
7/5/2019,DKI1,58,22,23,43,13,58,PM10,SEDANG
7/6/2019,DKI1,57,27,22,42,13,57,PM10,SEDANG
7/7/2019,DKI1,63,23,12,41,7,63,PM10,SEDANG
7/8/2019,DKI1,60,23,17,36,10,60,PM10,SEDANG
7/9/2019,DKI1,60,21,22,72,15,72,O3,SEDANG
7/10/2019,DKI1,---,---,---,---,---,,,TIDAK ADA DATA
7/11/2019,DKI1,62,26,20,32,14,62,PM10,SEDANG
7/12/2019,DKI1,---,---,---,---,---,,,TIDAK ADA DATA
7/13/2019,DKI1,59,20,18,105,14,105,O3,TIDAK SEHAT
7/14/2019,DKI1,72,20,18,105,17,105,O3,TIDAK SEHAT
7/15/2019,DKI1,58,23,23,39,13,58,PM10,SEDANG
7/16/2019,DKI1,62,23,24,51,19,62,PM10,SEDANG
7/17/2019,DKI1,64,23,27,65,19,65,O3,SEDANG
7/18/2019,DKI1,66,22,23,49,16,66,PM10,SEDANG
7/19/2019,DKI1,55,22,26,34,18,55,PM10,SEDANG
7/20/2019,DKI1,62,22,22,64,22,64,O3,SEDANG
7/21/2019,DKI1,57,19,18,69,12,69,O3,SEDANG
7/22/2019,DKI1,59,20,24,79,21,79,O3,SEDANG
7/23/2019,DKI1,64,25,23,42,15,64,PM10,SEDANG
7/24/2019,DKI1,62,22,20,52,19,62,PM10,SEDANG
7/25/2019,DKI1,66,23,25,75,25,75,O3,SEDANG
7/26/2019,DKI1,65,22,21,38,21,65,PM10,SEDANG
7/27/2019,DKI1,59,15,17,47,13,59,PM10,SEDANG
7/28/2019,DKI1,66,14,15,73,13,73,O3,SEDANG
7/29/2019,DKI1,65,14,27,53,17,65,PM10,SEDANG
7/30/2019,DKI1,64,20,26,63,15,64,PM10,SEDANG
7/31/2019,DKI1,63,21,22,64,13,64,O3,SEDANG
8/1/2019,DKI1,64,20,22,62,18,64,PM10,SEDANG
8/2/2019,DKI1,61,20,22,63,20,63,O3,SEDANG
8/3/2019,DKI1,62,20,20,63,19,63,O3,SEDANG
8/4/2019,DKI1,57,19,16,65,17,65,O3,SEDANG
8/5/2019,DKI1,57,20,---,55,22,57,PM10,SEDANG
8/6/2019,DKI1,54,21,20,90,18,90,O3,SEDANG
8/7/2019,DKI1,55,20,22,51,13,55,PM10,SEDANG
8/8/2019,DKI1,63,22,24,73,21,73,O3,SEDANG
8/9/2019,DKI1,66,20,21,66,14,66,PM10,SEDANG
8/10/2019,DKI1,73,21,24,43,14,73,PM10,SEDANG
8/11/2019,DKI1,57,19,13,40,9,57,PM10,SEDANG
8/12/2019,DKI1,55,19,17,37,10,55,PM10,SEDANG
8/13/2019,DKI1,57,19,17,32,10,57,PM10,SEDANG
8/14/2019,DKI1,52,18,19,45,18,52,PM10,SEDANG
8/15/2019,DKI1,59,18,21,52,17,59,PM10,SEDANG
8/16/2019,DKI1,66,17,26,81,19,81,O3,SEDANG
8/17/2019,DKI1,62,16,22,76,14,76,O3,SEDANG
8/18/2019,DKI1,---,18,13,48,10,48,O3,BAIK
8/19/2019,DKI1,69,18,24,115,19,115,O3,TIDAK SEHAT
8/20/2019,DKI1,62,20,23,74,18,74,O3,SEDANG
8/21/2019,DKI1,56,23,19,36,10,56,PM10,SEDANG
8/22/2019,DKI1,52,20,18,30,14,52,PM10,SEDANG
8/23/2019,DKI1,61,17,29,53,18,61,PM10,SEDANG
8/24/2019,DKI1,55,19,22,65,19,65,O3,SEDANG
8/25/2019,DKI1,52,17,14,73,12,73,O3,SEDANG
8/26/2019,DKI1,57,18,22,89,16,89,O3,SEDANG
8/27/2019,DKI1,56,17,24,51,22,56,PM10,SEDANG
8/28/2019,DKI1,58,15,24,53,17,58,PM10,SEDANG
8/29/2019,DKI1,61,16,26,53,14,61,PM10,SEDANG
8/30/2019,DKI1,56,19,20,58,12,58,O3,SEDANG
8/31/2019,DKI1,68,19,16,50,10,68,PM10,SEDANG
9/1/2019,DKI1,54,19,13,50,10,54,PM10,SEDANG
9/2/2019,DKI1,58,18,24,67,16,67,O3,SEDANG
9/3/2019,DKI1,57,18,20,61,20,61,O3,SEDANG
9/4/2019,DKI1,57,18,20,46,12,57,PM10,SEDANG
9/5/2019,DKI1,60,20,22,52,,60,PM10,SEDANG
9/6/2019,DKI1,56,20,23,43,15,56,PM10,SEDANG
9/7/2019,DKI1,57,21,20,49,13,57,PM10,SEDANG
9/8/2019,DKI1,52,21,14,59,10,59,O3,SEDANG
9/9/2019,DKI1,53,20,18,47,14,53,PM10,SEDANG
9/10/2019,DKI1,50,26,15,45,13,50,PM10,BAIK
9/11/2019,DKI1,54,24,20,69,16,69,O3,SEDANG
9/12/2019,DKI1,57,22,21,90,18,90,O3,SEDANG
9/13/2019,DKI1,57,21,22,90,18,90,O3,SEDANG
9/14/2019,DKI1,63,21,20,89,14,89,O3,SEDANG
9/15/2019,DKI1,55,21,16,50,14,55,PM10,SEDANG
9/16/2019,DKI1,51,21,15,35,10,51,PM10,SEDANG
9/17/2019,DKI1,51,22,17,35,14,51,PM10,SEDANG
9/18/2019,DKI1,52,20,20,47,16,52,PM10,SEDANG
9/19/2019,DKI1,,19,,,,19,SO2,BAIK
9/20/2019,DKI1,55,20,19,41,13,55,PM10,SEDANG
9/21/2019,DKI1,51,22,16,95,14,95,O3,SEDANG
9/22/2019,DKI1,58,22,16,75,12,75,O3,SEDANG
9/23/2019,DKI1,56,23,18,45,12,56,PM10,SEDANG
9/24/2019,DKI1,54,22,18,48,12,54,PM10,SEDANG
9/25/2019,DKI1,67,25,24,71,17,71,O3,SEDANG
9/26/2019,DKI1,59,20,21,64,14,64,O3,SEDANG
9/27/2019,DKI1,58,23,23,46,16,58,PM10,SEDANG
9/28/2019,DKI1,61,19,18,49,10,61,PM10,SEDANG
9/29/2019,DKI1,73,18,16,58,14,73,PM10,SEDANG
9/30/2019,DKI1,62,18,17,65,14,65,O3,SEDANG
10/1/2019,DKI1,62,24,18,75,16,75,O3,SEDANG
10/2/2019,DKI1,62,20,15,56,16,62,PM10,SEDANG
10/3/2019,DKI1,59,19,16,65,21,65,O3,SEDANG
10/4/2019,DKI1,56,19,17,74,23,74,O3,SEDANG
10/5/2019,DKI1,40,51,14,49,38,51,SO2,SEDANG
10/6/2019,DKI1,---,---,---,---,---,,,TIDAK ADA DATA
10/7/2019,DKI1,---,---,---,---,---,,,TIDAK ADA DATA
10/8/2019,DKI1,---,25,19,52,13,52,O3,SEDANG
10/9/2019,DKI1,---,19,19,47,16,47,O3,BAIK
10/10/2019,DKI1,69,18,19,73,16,73,O3,SEDANG
10/11/2019,DKI1,65,18,21,92,24,92,O3,SEDANG
10/12/2019,DKI1,66,19,16,72,14,72,O3,SEDANG
10/13/2019,DKI1,63,19,17,84,13,84,O3,SEDANG
10/14/2019,DKI1,62,19,18,79,13,79,O3,SEDANG
10/15/2019,DKI1,59,18,18,91,14,91,O3,SEDANG
10/16/2019,DKI1,66,19,22,78,17,78,O3,SEDANG
10/17/2019,DKI1,58,18,20,70,12,70,O3,SEDANG
10/18/2019,DKI1,57,18,17,41,13,57,PM10,SEDANG
10/19/2019,DKI1,57,19,17,30,11,57,PM10,SEDANG
10/20/2019,DKI1,62,20,22,76,12,76,O3,SEDANG
10/21/2019,DKI1,58,22,40,53,11,58,PM10,SEDANG
10/22/2019,DKI1,55,23,16,66,16,66,O3,SEDANG
10/23/2019,DKI1,52,22,15,73,17,73,O3,SEDANG
10/24/2019,DKI1,63,25,14,61,18,63,PM10,SEDANG
10/25/2019,DKI1,61,21,13,56,12,61,PM10,SEDANG
10/26/2019,DKI1,63,23,13,93,15,93,O3,SEDANG
10/27/2019,DKI1,68,22,28,72,12,72,O3,SEDANG
10/28/2019,DKI1,59,19,16,45,15,59,PM10,SEDANG
10/29/2019,DKI1,62,21,21,43,14,62,PM10,SEDANG
10/30/2019,DKI1,56,23,19,89,16,89,O3,SEDANG
10/31/2019,DKI1,59,28,18,58,14,59,PM10,SEDANG
11/1/2019,DKI1,49,22,13,86,14,86,O3,SEDANG
11/2/2019,DKI1,47,19,15,58,13,58,O3,SEDANG
11/3/2019,DKI1,43,20,13,62,12,62,O3,SEDANG
11/4/2019,DKI1,41,22,14,70,12,70,O3,SEDANG
11/5/2019,DKI1,59,21,15,92,17,92,O3,SEDANG
11/6/2019,DKI1,56,20,21,86,17,86,O3,SEDANG
11/7/2019,DKI1,55,22,22,85,21,85,O3,SEDANG
11/8/2019,DKI1,72,24,20,86,19,86,O3,SEDANG
11/9/2019,DKI1,59,27,17,129,16,129,O3,TIDAK SEHAT
11/10/2019,DKI1,63,27,16,79,20,79,O3,SEDANG
11/11/2019,DKI1,59,24,13,78,18,78,O3,SEDANG
11/12/2019,DKI1,62,22,17,78,15,78,O3,SEDANG
11/13/2019,DKI1,73,24,20,63,20,73,PM10,SEDANG
11/14/2019,DKI1,67,22,29,28,15,67,PM10,SEDANG
11/15/2019,DKI1,55,29,15,36,10,55,PM10,SEDANG
11/16/2019,DKI1,57,24,16,66,12,66,O3,SEDANG
11/17/2019,DKI1,55,23,12,80,14,80,O3,SEDANG
11/18/2019,DKI1,57,24,13,80,22,80,O3,SEDANG
11/19/2019,DKI1,56,23,12,45,17,56,PM10,SEDANG
11/20/2019,DKI1,48,21,15,63,15,63,O3,SEDANG
11/21/2019,DKI1,52,25,14,66,13,66,O3,SEDANG
11/22/2019,DKI1,53,20,19,57,17,57,O3,SEDANG
11/23/2019,DKI1,67,21,21,72,19,72,O3,SEDANG
11/24/2019,DKI1,64,22,21,69,13,69,O3,SEDANG
11/25/2019,DKI1,63,21,18,82,18,82,O3,SEDANG
11/26/2019,DKI1,64,22,20,66,15,66,O3,SEDANG
11/27/2019,DKI1,---,---,---,---,---,,,TIDAK ADA DATA
11/28/2019,DKI1,67,23,22,48,14,67,PM10,SEDANG
11/29/2019,DKI1,58,21,16,53,11,58,PM10,SEDANG
11/30/2019,DKI1,56,19,15,40,9,56,PM10,SEDANG
12/1/2019,DKI1,---,---,---,---,---,,,TIDAK ADA DATA
12/2/2019,DKI1,53,20,17,81,14,81,O3,SEDANG
12/3/2019,DKI1,62,23,20,64,14,64,O3,SEDANG
12/4/2019,DKI1,57,26,17,45,9,57,PM10,SEDANG
12/5/2019,DKI1,56,23,15,41,13,56,PM10,SEDANG
12/6/2019,DKI1,54,19,19,40,11,54,PM10,SEDANG
12/7/2019,DKI1,42,23,14,31,10,42,PM10,BAIK
12/8/2019,DKI1,51,21,22,57,10,57,O3,SEDANG
12/9/2019,DKI1,53,22,18,69,19,69,O3,SEDANG
12/10/2019,DKI1,55,21,18,52,12,55,PM10,SEDANG
12/11/2019,DKI1,---,---,---,---,---,,,TIDAK ADA DATA
12/12/2019,DKI1,---,22,---,46,14,46,O3,BAIK
12/13/2019,DKI1,63,32,22,59,13,63,PM10,SEDANG
12/14/2019,DKI1,53,23,15,48,13,53,PM10,SEDANG
12/15/2019,DKI1,41,23,9,69,11,69,O3,SEDANG
12/16/2019,DKI1,61,26,20,56,18,61,PM10,SEDANG
12/17/2019,DKI1,56,25,16,38,12,56,PM10,SEDANG
12/18/2019,DKI1,54,22,22,54,17,54,PM10,SEDANG
12/19/2019,DKI1,54,24,17,46,13,54,PM10,SEDANG
12/20/2019,DKI1,59,24,19,46,16,59,PM10,SEDANG
12/21/2019,DKI1,57,22,28,49,14,57,PM10,SEDANG
12/22/2019,DKI1,---,---,---,---,---,,,TIDAK ADA DATA
12/23/2019,DKI1,54,23,20,73,14,73,O3,SEDANG
12/24/2019,DKI1,55,23,23,64,11,64,O3,SEDANG
12/25/2019,DKI1,51,20,11,43,9,51,PM10,SEDANG
12/26/2019,DKI1,54,23,19,52,9,54,PM10,SEDANG
12/27/2019,DKI1,52,28,21,41,11,52,PM10,SEDANG
12/28/2019,DKI1,---,---,---,---,---,,,TIDAK ADA DATA
12/29/2019,DKI1,---,---,---,---,---,,,TIDAK ADA DATA
12/30/2019,DKI1,52,22,28,47,9,52,PM10,SEDANG
12/31/2019,DKI1,41,22,14,29,9,41,PM10,BAIK
1/1/2020,DKI1,30,20,10,32,9,32,O3,BAIK
1/2/2020,DKI1,27,22,12,29,8,29,O3,BAIK
1/3/2020,DKI1,39,22,14,32,10,39,PM10,BAIK
1/4/2020,DKI1,34,22,14,38,10,38,O3,BAIK
1/5/2020,DKI1,35,22,12,31,9,35,PM10,BAIK
1/6/2020,DKI1,46,23,16,32,9,46,PM10,BAIK
1/7/2020,DKI1,37,23,26,33,11,37,PM10,BAIK
1/8/2020,DKI1,41,26,20,30,11,41,PM10,BAIK
1/9/2020,DKI1,52,23,29,24,12,52,PM10,SEDANG
1/10/2020,DKI1,24,24,18,25,8,25,O3,BAIK
1/11/2020,DKI1,34,31,25,23,8,34,PM10,BAIK
1/12/2020,DKI1,27,23,9,33,4,33,O3,BAIK
1/13/2020,DKI1,33,26,12,36,8,36,O3,BAIK
1/14/2020,DKI1,34,28,13,27,7,34,PM10,BAIK
1/15/2020,DKI1,29,22,13,36,8,36,O3,BAIK
1/16/2020,DKI1,52,60,19,30,8,60,SO2,SEDANG
1/17/2020,DKI1,51,34,21,74,20,74,O3,SEDANG
1/18/2020,DKI1,37,29,14,31,6,37,PM10,BAIK
1/19/2020,DKI1,61,34,36,58,15,61,PM10,SEDANG
1/20/2020,DKI1,47,30,15,33,9,47,PM10,BAIK
1/21/2020,DKI1,30,36,14,26,9,36,SO2,BAIK
1/22/2020,DKI1,40,36,18,28,15,40,PM10,BAIK
1/23/2020,DKI1,41,---,27,19,18,41,PM10,BAIK
1/24/2020,DKI1,44,---,24,16,13,44,PM10,BAIK
1/25/2020,DKI1,27,---,31,27,12,31,CO,BAIK
1/26/2020,DKI1,44,---,51,49,11,51,CO,SEDANG
1/27/2020,DKI1,25,---,21,39,13,39,O3,BAIK
1/28/2020,DKI1,63,---,27,40,17,63,PM10,SEDANG
1/29/2020,DKI1,49,11,23,38,19,49,PM10,BAIK
1/30/2020,DKI1,38,12,21,35,20,38,PM10,BAIK
1/31/2020,DKI1,44,10,22,25,16,44,PM10,BAIK
2/1/2020,DKI1,29,8,19,27,14,29,PM10,BAIK
2/2/2020,DKI1,37,10,24,28,12,37,PM10,BAIK
2/3/2020,DKI1,39,8,37,19,15,39,PM10,BAIK
2/4/2020,DKI1,24,8,29,21,14,29,CO,BAIK
2/5/2020,DKI1,43,8,30,29,12,43,PM10,BAIK
2/6/2020,DKI1,50,9,26,32,18,50,PM10,BAIK
2/7/2020,DKI1,51,19,28,25,16,51,PM10,SEDANG
2/8/2020,DKI1,29,8,24,26,12,29,PM10,BAIK
2/9/2020,DKI1,35,7,18,33,12,35,PM10,BAIK
2/10/2020,DKI1,38,8,25,51,15,51,O3,SEDANG
2/11/2020,DKI1,53,9,24,31,16,53,PM10,SEDANG
2/12/2020,DKI1,47,10,18,68,19,68,O3,SEDANG
2/13/2020,DKI1,43,7,16,39,20,43,PM10,BAIK
2/14/2020,DKI1,51,6,25,21,18,51,PM10,SEDANG
2/15/2020,DKI1,60,7,51,53,17,60,PM10,SEDANG
2/16/2020,DKI1,52,7,24,41,16,52,PM10,SEDANG
2/17/2020,DKI1,24,5,18,28,12,28,O3,BAIK
2/18/2020,DKI1,45,16,48,23,15,48,CO,BAIK
2/19/2020,DKI1,38,8,27,17,11,38,PM10,BAIK
2/20/2020,DKI1,30,5,16,20,13,30,PM10,BAIK
2/21/2020,DKI1,35,11,15,22,14,35,PM10,BAIK
2/22/2020,DKI1,31,8,16,30,13,31,PM10,BAIK
2/23/2020,DKI1,28,5,5,29,9,29,O3,BAIK
2/24/2020,DKI1,20,4,10,27,9,27,O3,BAIK
2/25/2020,DKI1,19,5,14,25,13,25,O3,BAIK
2/26/2020,DKI1,42,5,15,27,13,42,PM10,BAIK
2/27/2020,DKI1,33,5,16,22,13,33,PM10,BAIK
2/28/2020,DKI1,---,6,17,25,16,25,O3,BAIK
2/29/2020,DKI1,59,7,40,18,13,59,PM10,SEDANG
3/1/2020,DKI1,45,5,13,28,8,45,PM10,BAIK
3/2/2020,DKI1,34,5,15,32,10,34,PM10,BAIK
3/3/2020,DKI1,59,5,23,29,14,59,PM10,SEDANG
3/4/2020,DKI1,56,7,19,55,16,56,PM10,SEDANG
3/5/2020,DKI1,35,6,16,30,13,35,PM10,BAIK
3/6/2020,DKI1,36,10,19,33,16,36,PM10,BAIK
3/7/2020,DKI1,37,7,17,28,17,37,PM10,BAIK
3/8/2020,DKI1,45,7,16,39,11,45,PM10,BAIK
3/9/2020,DKI1,39,6,12,19,11,39,PM10,BAIK
3/10/2020,DKI1,30,5,12,33,11,33,O3,BAIK
3/11/2020,DKI1,40,5,15,38,13,40,PM10,BAIK
3/12/2020,DKI1,48,5,19,39,20,48,PM10,BAIK
3/13/2020,DKI1,34,4,17,36,12,36,O3,BAIK
3/14/2020,DKI1,64,6,19,87,17,87,O3,SEDANG
3/15/2020,DKI1,50,3,17,42,13,50,PM10,BAIK
3/16/2020,DKI1,50,4,20,36,19,50,PM10,BAIK
3/17/2020,DKI1,41,4,21,57,15,57,O3,SEDANG
3/18/2020,DKI1,44,3,15,54,12,54,O3,SEDANG
3/19/2020,DKI1,62,7,26,37,14,62,PM10,SEDANG
3/20/2020,DKI1,48,4,12,51,14,51,O3,SEDANG
3/21/2020,DKI1,43,6,15,37,17,43,PM10,BAIK
3/22/2020,DKI1,34,4,7,42,9,42,O3,BAIK
3/23/2020,DKI1,40,4,12,66,13,66,O3,SEDANG
3/24/2020,DKI1,58,4,20,54,17,58,PM10,SEDANG
3/25/2020,DKI1,33,3,7,63,8,63,O3,SEDANG
3/26/2020,DKI1,49,4,10,42,10,49,PM10,BAIK
3/27/2020,DKI1,43,4,9,62,10,62,O3,SEDANG
3/28/2020,DKI1,58,6,12,67,14,67,O3,SEDANG
3/29/2020,DKI1,61,7,7,56,8,61,PM10,SEDANG
3/30/2020,DKI1,47,6,9,68,12,68,O3,SEDANG
3/31/2020,DKI1,51,11,9,84,10,84,O3,SEDANG
4/1/2020,DKI1,38,6,12,67,10,67,O3,SEDANG
4/2/2020,DKI1,32,4,6,33,7,33,O3,BAIK
4/3/2020,DKI1,30,5,4,33,5,33,O3,BAIK
4/4/2020,DKI1,42,6,8,47,7,47,O3,BAIK
4/5/2020,DKI1,50,4,6,63,8,63,O3,SEDANG
4/6/2020,DKI1,45,4,8,37,9,45,PM10,BAIK
4/7/2020,DKI1,26,3,11,35,9,35,O3,BAIK
4/8/2020,DKI1,26,5,5,31,7,31,O3,BAIK
4/9/2020,DKI1,36,3,5,27,10,36,PM10,BAIK
4/10/2020,DKI1,50,2,7,71,10,71,O3,SEDANG
4/11/2020,DKI1,48,2,6,88,6,88,O3,SEDANG
4/12/2020,DKI1,65,3,14,86,13,86,O3,SEDANG
4/13/2020,DKI1,40,2,8,46,9,46,O3,BAIK
4/14/2020,DKI1,48,4,8,51,10,51,O3,SEDANG
4/15/2020,DKI1,40,2,8,46,11,46,O3,BAIK
4/16/2020,DKI1,34,3,7,41,9,41,O3,BAIK
4/17/2020,DKI1,43,2,8,54,9,54,O3,SEDANG
4/18/2020,DKI1,43,4,5,72,7,72,O3,SEDANG
4/19/2020,DKI1,59,5,7,87,9,87,O3,SEDANG
4/20/2020,DKI1,60,3,---,73,7,73,O3,SEDANG
4/21/2020,DKI1,46,4,---,35,10,46,PM10,BAIK
4/22/2020,DKI1,74,14,6,47,11,74,PM10,SEDANG
4/23/2020,DKI1,45,5,5,43,7,45,PM10,BAIK
4/24/2020,DKI1,43,4,3,27,8,43,PM10,BAIK
4/25/2020,DKI1,46,3,7,45,8,46,PM10,BAIK
4/26/2020,DKI1,57,3,5,45,8,57,PM10,SEDANG
4/27/2020,DKI1,36,1,4,71,8,71,O3,SEDANG
4/28/2020,DKI1,49,2,7,45,13,49,PM10,BAIK
4/29/2020,DKI1,53,4,6,52,11,53,PM10,SEDANG
4/30/2020,DKI1,61,5,6,33,14,61,PM10,SEDANG
5/1/2020,DKI1,47,2,---,38,10,47,PM10,BAIK
5/2/2020,DKI1,32,2,12,29,9,32,PM10,BAIK
5/3/2020,DKI1,52,5,11,35,9,52,PM10,SEDANG
5/4/2020,DKI1,50,4,4,30,8,50,PM10,BAIK
5/5/2020,DKI1,51,7,7,34,9,51,PM10,SEDANG
5/6/2020,DKI1,44,4,4,29,7,44,PM10,BAIK
5/7/2020,DKI1,50,4,3,48,9,50,PM10,BAIK
5/8/2020,DKI1,60,4,4,60,10,60,PM10,SEDANG
5/9/2020,DKI1,56,4,3,34,12,56,PM10,SEDANG
5/10/2020,DKI1,64,5,3,44,12,64,PM10,SEDANG
5/11/2020,DKI1,44,2,4,47,8,47,O3,BAIK
5/12/2020,DKI1,47,3,4,62,10,62,O3,SEDANG
5/13/2020,DKI1,54,2,3,38,8,54,PM10,SEDANG
5/14/2020,DKI1,56,7,9,42,9,56,PM10,SEDANG
5/15/2020,DKI1,60,7,7,40,9,60,PM10,SEDANG
5/16/2020,DKI1,58,6,8,57,8,58,PM10,SEDANG
5/17/2020,DKI1,60,6,8,83,7,83,O3,SEDANG
5/18/2020,DKI1,54,4,6,43,10,54,PM10,SEDANG
5/19/2020,DKI1,30,8,8,59,13,59,O3,SEDANG
5/20/2020,DKI1,50,12,10,34,8,50,PM10,BAIK
5/21/2020,DKI1,27,7,7,49,9,49,O3,BAIK
5/22/2020,DKI1,58,8,7,42,8,58,PM10,SEDANG
5/23/2020,DKI1,42,3,10,52,8,52,O3,SEDANG
5/24/2020,DKI1,41,3,8,43,5,43,O3,BAIK
5/25/2020,DKI1,26,2,4,27,5,27,O3,BAIK
5/26/2020,DKI1,32,4,5,29,8,32,PM10,BAIK
5/27/2020,DKI1,22,4,4,65,8,65,O3,SEDANG
5/28/2020,DKI1,44,5,6,90,16,90,O3,SEDANG
5/29/2020,DKI1,58,8,6,74,12,74,O3,SEDANG
5/30/2020,DKI1,52,16,7,41,10,52,PM10,SEDANG
5/31/2020,DKI1,48,14,7,46,9,48,PM10,BAIK
6/1/2020,DKI1,50,14,10,45,9,50,PM10,BAIK
6/2/2020,DKI1,44,14,7,37,8,44,PM10,BAIK
6/3/2020,DKI1,41,14,4,31,8,41,PM10,BAIK
6/4/2020,DKI1,45,18,4,28,8,45,PM10,BAIK
6/5/2020,DKI1,56,18,6,60,12,60,O3,SEDANG
6/6/2020,DKI1,69,18,7,74,13,74,O3,SEDANG
6/6/2020,DKI1,55,16,5,65,9,65,O3,SEDANG
6/6/2020,DKI1,59,15,5,33,10,59,PM10,SEDANG
6/6/2020,DKI1,58,14,6,41,12,58,PM10,SEDANG
6/6/2020,DKI1,67,16,10,34,10,67,PM10,SEDANG
6/6/2020,DKI1,63,16,6,40,10,63,PM10,SEDANG
6/6/2020,DKI1,49,15,6,58,13,58,O3,SEDANG
6/6/2020,DKI1,60,16,6,61,10,61,O3,SEDANG
6/6/2020,DKI1,60,15,6,61,12,61,O3,SEDANG
6/6/2020,DKI1,70,13,8,54,13,70,PM10,SEDANG
6/6/2020,DKI1,67,16,8,35,11,67,PM10,SEDANG
6/6/2020,DKI1,56,15,5,49,8,56,PM10,SEDANG
6/6/2020,DKI1,60,17,6,56,9,60,PM10,SEDANG
6/6/2020,DKI1,57,15,6,47,11,57,PM10,SEDANG
6/6/2020,DKI1,61,17,12,67,17,67,O3,SEDANG
6/6/2020,DKI1,63,16,6,61,10,63,PM10,SEDANG
6/6/2020,DKI1,67,20,6,34,11,67,PM10,SEDANG
6/6/2020,DKI1,53,18,7,41,15,53,PM10,SEDANG
6/6/2020,DKI1,53,15,7,77,11,77,O3,SEDANG
6/6/2020,DKI1,76,19,13,64,23,76,PM10,SEDANG
6/6/2020,DKI1,70,18,10,61,19,70,PM10,SEDANG
6/6/2020,DKI1,65,20,6,42,14,65,PM10,SEDANG
6/6/2020,DKI1,72,21,6,47,11,72,PM10,SEDANG
6/6/2020,DKI1,68,20,5,57,11,68,PM10,SEDANG
6/6/2020,DKI1,75,20,6,53,15,75,PM10,SEDANG
7/1/2020,DKI1,69,18,6,65,11,69,PM10,SEDANG
7/2/2020,DKI1,68,17,7,47,11,68,PM10,SEDANG
7/3/2020,DKI1,54,18,7,32,9,54,PM10,SEDANG
7/4/2020,DKI1,70,18,8,43,12,70,PM10,SEDANG
7/5/2020,DKI1,63,20,5,40,9,63,PM10,SEDANG
7/6/2020,DKI1,58,21,7,39,12,58,PM10,SEDANG
7/7/2020,DKI1,53,22,6,33,12,53,PM10,SEDANG
7/8/2020,DKI1,60,20,6,59,15,60,PM10,SEDANG
7/9/2020,DKI1,54,16,8,67,12,67,O3,SEDANG
7/10/2020,DKI1,62,19,8,80,17,80,O3,SEDANG
7/11/2020,DKI1,73,17,9,47,16,73,PM10,SEDANG
7/12/2020,DKI1,62,17,6,60,9,62,PM10,SEDANG
7/13/2020,DKI1,61,19,5,44,10,61,PM10,SEDANG
7/14/2020,DKI1,64,21,6,55,16,64,PM10,SEDANG
7/15/2020,DKI1,57,16,6,31,12,57,PM10,SEDANG
7/16/2020,DKI1,48,19,5,24,11,48,PM10,BAIK
7/17/2020,DKI1,56,24,7,39,10,56,PM10,SEDANG
7/18/2020,DKI1,55,21,7,54,15,55,PM10,SEDANG
7/19/2020,DKI1,68,17,6,66,10,68,PM10,SEDANG
7/20/2020,DKI1,66,16,8,77,12,77,O3,SEDANG
7/21/2020,DKI1,59,19,8,58,12,59,PM10,SEDANG
7/22/2020,DKI1,56,16,6,49,15,56,PM10,SEDANG
7/23/2020,DKI1,62,16,7,85,11,85,O3,SEDANG
7/24/2020,DKI1,60,18,7,56,13,60,PM10,SEDANG
7/25/2020,DKI1,64,18,7,60,11,64,PM10,SEDANG
7/26/2020,DKI1,59,19,5,45,10,59,PM10,SEDANG
7/27/2020,DKI1,58,21,6,56,11,58,PM10,SEDANG
7/28/2020,DKI1,68,20,7,89,14,89,O3,SEDANG
7/29/2020,DKI1,66,19,7,107,14,107,O3,TIDAK SEHAT
7/30/2020,DKI1,68,17,7,104,12,104,O3,TIDAK SEHAT
7/31/2020,DKI1,56,19,7,62,14,62,O3,SEDANG
8/1/2020,DKI1,65,18,7,84,13,84,O3,SEDANG
8/2/2020,DKI1,75,17,11,77,15,77,O3,SEDANG
8/3/2020,DKI1,71,18,9,65,11,71,PM10,SEDANG
8/4/2020,DKI1,61,19,5,61,11,61,PM10,SEDANG
8/5/2020,DKI1,67,20,7,70,12,70,O3,SEDANG
8/6/2020,DKI1,70,23,6,55,16,70,PM10,SEDANG
8/7/2020,DKI1,65,19,6,72,12,72,O3,SEDANG
8/8/2020,DKI1,64,18,6,58,14,64,PM10,SEDANG
8/9/2020,DKI1,54,15,6,65,12,65,O3,SEDANG
8/10/2020,DKI1,58,18,5,47,11,58,PM10,SEDANG
8/11/2020,DKI1,60,20,5,34,10,60,PM10,SEDANG
8/12/2020,DKI1,68,19,14,49,17,68,PM10,SEDANG
8/13/2020,DKI1,53,16,7,41,12,53,PM10,SEDANG
8/14/2020,DKI1,40,16,8,43,16,43,O3,BAIK
8/15/2020,DKI1,58,18,10,29,12,58,PM10,SEDANG
8/16/2020,DKI1,50,19,4,44,10,50,PM10,BAIK
8/17/2020,DKI1,52,16,7,52,10,52,PM10,SEDANG
8/18/2020,DKI1,52,17,10,66,13,66,O3,SEDANG
8/19/2020,DKI1,65,18,15,39,18,65,PM10,SEDANG
8/20/2020,DKI1,54,17,6,40,13,54,PM10,SEDANG
8/21/2020,DKI1,46,18,3,41,9,46,PM10,BAIK
8/22/2020,DKI1,58,21,5,42,11,58,PM10,SEDANG
8/23/2020,DKI1,63,22,7,53,13,63,PM10,SEDANG
8/24/2020,DKI1,55,18,5,44,11,55,PM10,SEDANG
8/25/2020,DKI1,57,20,7,53,14,57,PM10,SEDANG
8/26/2020,DKI1,52,20,5,66,11,66,O3,SEDANG
8/27/2020,DKI1,55,18,5,52,11,55,PM10,SEDANG
8/28/2020,DKI1,57,19,5,48,16,57,PM10,SEDANG
8/29/2020,DKI1,59,20,4,54,8,59,PM10,SEDANG
8/30/2020,DKI1,56,19,4,58,6,58,O3,SEDANG
8/31/2020,DKI1,57,20,6,68,14,68,O3,SEDANG
9/1/2020,DKI1,65,18,7,84,13,84,O3,SEDANG
9/2/2020,DKI1,75,17,11,77,15,77,O3,SEDANG
9/3/2020,DKI1,71,18,9,65,11,71,PM10,SEDANG
9/4/2020,DKI1,61,19,5,61,11,61,PM10,SEDANG
9/5/2020,DKI1,67,20,7,70,12,70,O3,SEDANG
9/6/2020,DKI1,70,23,6,55,16,70,PM10,SEDANG
9/7/2020,DKI1,65,19,6,72,12,72,O3,SEDANG
9/8/2020,DKI1,64,18,6,58,14,64,PM10,SEDANG
9/9/2020,DKI1,54,15,6,65,12,65,O3,SEDANG
9/10/2020,DKI1,58,18,5,47,11,58,PM10,SEDANG
9/11/2020,DKI1,60,20,5,34,10,60,PM10,SEDANG
9/12/2020,DKI1,68,19,14,49,17,68,PM10,SEDANG
9/13/2020,DKI1,53,16,7,41,12,53,PM10,SEDANG
9/14/2020,DKI1,40,16,8,43,16,43,O3,BAIK
9/15/2020,DKI1,58,18,10,29,12,58,PM10,SEDANG
9/16/2020,DKI1,50,19,4,44,10,50,PM10,BAIK
9/17/2020,DKI1,52,16,7,52,10,52,PM10,SEDANG
9/18/2020,DKI1,52,17,10,66,13,66,O3,SEDANG
9/19/2020,DKI1,65,18,15,39,18,65,PM10,SEDANG
9/20/2020,DKI1,54,17,6,40,13,54,PM10,SEDANG
9/21/2020,DKI1,46,18,3,41,9,46,PM10,BAIK
9/22/2020,DKI1,58,21,5,42,11,58,PM10,SEDANG
9/23/2020,DKI1,63,22,7,53,13,63,PM10,SEDANG
9/24/2020,DKI1,55,18,5,44,11,55,PM10,SEDANG
9/25/2020,DKI1,57,20,7,53,14,57,PM10,SEDANG
9/26/2020,DKI1,52,20,5,66,11,66,O3,SEDANG
9/27/2020,DKI1,55,18,5,52,11,55,PM10,SEDANG
9/28/2020,DKI1,57,19,5,48,16,57,PM10,SEDANG
9/29/2020,DKI1,59,20,4,54,8,59,PM10,SEDANG
9/30/2020,DKI1,56,19,4,58,6,58,O3,SEDANG
2020-09-31,DKI1,57,20,6,68,14,68,O3,SEDANG
10/1/2020,DKI1,50,19,4,50,10,72,PM25,SEDANG
10/2/2020,DKI1,53,22,6,69,12,69,O3,SEDANG
10/3/2020,DKI1,50,17,9,71,14,71,O3,SEDANG
10/4/2020,DKI1,53,18,8,75,16,75,PM25,SEDANG
10/5/2020,DKI1,40,16,5,95,10,95,O3,SEDANG
10/6/2020,DKI1,42,17,5,70,11,70,O3,SEDANG
10/7/2020,DKI1,52,20,5,68,13,68,O3,SEDANG
10/8/2020,DKI1,46,20,5,83,11,83,O3,SEDANG
10/9/2020,DKI1,60,18,7,87,14,99,PM25,SEDANG
10/10/2020,DKI1,53,17,7,60,11,74,PM25,SEDANG
10/11/2020,DKI1,44,18,6,74,11,74,O3,SEDANG
10/12/2020,DKI1,57,19,7,86,16,86,O3,SEDANG
10/13/2020,DKI1,61,21,9,75,11,91,PM25,SEDANG
10/14/2020,DKI1,63,18,8,63,20,93,PM25,SEDANG
10/15/2020,DKI1,60,20,7,70,17,91,PM25,SEDANG
10/16/2020,DKI1,56,19,7,76,20,80,PM25,SEDANG
10/17/2020,DKI1,51,17,9,61,22,70,PM25,SEDANG
10/18/2020,DKI1,50,16,7,51,14,72,PM25,SEDANG
10/19/2020,DKI1,54,16,7,60,11,76,PM25,SEDANG
10/20/2020,DKI1,54,18,11,43,15,83,PM25,SEDANG
10/21/2020,DKI1,57,18,11,71,15,78,PM25,SEDANG
10/22/2020,DKI1,48,17,10,44,13,61,PM25,SEDANG
10/23/2020,DKI1,26,15,3,23,7,36,PM25,BAIK
10/24/2020,DKI1,47,23,6,61,11,69,PM25,SEDANG
10/25/2020,DKI1,39,17,7,48,11,61,PM25,SEDANG
10/26/2020,DKI1,41,18,8,77,20,77,O3,SEDANG
10/27/2020,DKI1,40,16,9,77,15,77,O3,SEDANG
10/28/2020,DKI1,55,18,18,60,16,75,PM25,SEDANG
10/29/2020,DKI1,51,17,7,40,14,70,PM25,SEDANG
10/30/2020,DKI1,52,18,5,35,9,73,PM25,SEDANG
10/31/2020,DKI1,35,20,3,48,8,54,PM25,SEDANG
11/1/2020,DKI1,49,67,18,10,40,11,PM25,SEDANG
11/2/2020,DKI1,23,27,15,3,32,5,O3,BAIK
11/3/2020,DKI1,43,64,19,6,53,10,PM25,SEDANG
11/4/2020,DKI1,42,62,20,5,59,12,PM25,SEDANG
11/5/2020,DKI1,51,70,17,11,50,19,PM25,SEDANG
11/6/2020,DKI1,79,106,23,13,49,20,PM25,TIDAK SEHAT
11/7/2020,DKI1,61,85,19,14,45,25,PM25,SEDANG
11/8/2020,DKI1,60,85,16,17,57,14,PM25,SEDANG
11/9/2020,DKI1,62,95,20,13,57,18,PM25,SEDANG
11/10/2020,DKI1,62,92,18,8,53,16,PM25,SEDANG
11/11/2020,DKI1,61,97,20,10,62,20,PM25,SEDANG
11/12/2020,DKI1,53,80,20,6,49,23,PM25,SEDANG
11/13/2020,DKI1,53,68,20,5,34,14,PM25,SEDANG
11/14/2020,DKI1,54,78,20,7,79,12,O3,SEDANG
11/15/2020,DKI1,52,73,21,6,41,12,PM25,SEDANG
11/16/2020,DKI1,51,70,20,5,42,11,PM25,SEDANG
11/17/2020,DKI1,57,84,18,7,60,13,PM25,SEDANG
11/18/2020,DKI1,57,79,18,9,71,20,PM25,SEDANG
11/19/2020,DKI1,58,84,18,13,64,20,PM25,SEDANG
11/20/2020,DKI1,53,68,20,5,34,10,PM25,SEDANG
11/21/2020,DKI1,54,82,18,15,48,13,PM25,SEDANG
11/22/2020,DKI1,51,69,18,15,45,14,PM25,SEDANG
11/23/2020,DKI1,62,93,20,11,51,17,PM25,SEDANG
11/24/2020,DKI1,44,56,19,8,53,13,PM25,SEDANG
11/25/2020,DKI1,39,63,19,8,48,14,PM25,SEDANG
11/26/2020,DKI1,47,69,21,9,55,14,PM25,SEDANG
11/27/2020,DKI1,44,59,20,8,41,17,PM25,SEDANG
11/28/2020,DKI1,46,66,18,7,65,14,PM25,SEDANG
11/29/2020,DKI1,37,56,17,7,24,9,PM25,SEDANG
11/30/2020,DKI1,18,21,16,4,27,5,O3,BAIK
12/1/2020,DKI1,22,17,4,19,8,26,PM25,BAIK
12/2/2020,DKI1,25,18,4,28,7,48,PM25,BAIK
12/3/2020,DKI1,29,19,8,48,14,48,O3,BAIK
12/4/2020,DKI1,39,29,8,52,17,58,PM25,SEDANG
12/5/2020,DKI1,28,22,7,34,11,34,O3,BAIK
12/6/2020,DKI1,31,22,7,30,9,50,PM25,BAIK
12/7/2020,DKI1,25,22,6,18,9,31,PM25,BAIK
12/8/2020,DKI1,36,31,8,23,8,52,PM25,SEDANG
12/9/2020,DKI1,32,22,5,25,8,46,PM25,BAIK
12/10/2020,DKI1,32,30,4,25,7,48,PM25,BAIK
12/11/2020,DKI1,32,24,9,21,12,49,PM25,BAIK
12/12/2020,DKI1,23,19,6,29,10,33,PM25,BAIK
12/13/2020,DKI1,29,20,5,29,6,41,PM25,BAIK
12/14/2020,DKI1,25,18,4,29,9,32,PM25,BAIK
12/15/2020,DKI1,26,18,6,24,8,34,PM25,BAIK
12/16/2020,DKI1,21,17,5,19,7,35,PM25,BAIK
12/17/2020,DKI1,24,21,5,30,7,37,PM25,BAIK
12/18/2020,DKI1,25,19,5,25,8,34,PM25,BAIK
12/19/2020,DKI1,27,19,6,24,9,49,PM25,BAIK
12/20/2020,DKI1,37,20,9,19,8,49,PM25,BAIK
12/21/2020,DKI1,17,17,4,14,5,20,PM25,BAIK
12/22/2020,DKI1,23,19,6,16,10,39,PM25,BAIK
12/23/2020,DKI1,43,26,---,26,13,62,PM25,SEDANG
12/24/2020,DKI1,40,26,8,31,8,62,PM25,SEDANG
12/25/2020,DKI1,23,23,4,25,5,38,PM25,BAIK
12/26/2020,DKI1,23,26,3,30,6,35,PM25,BAIK
12/27/2020,DKI1,24,26,5,35,5,44,PM25,BAIK
12/28/2020,DKI1,26,27,4,33,8,44,PM25,BAIK
12/29/2020,DKI1,21,23,5,28,6,28,O3,BAIK
12/30/2020,DKI1,19,22,4,25,7,30,PM25,BAIK
12/31/2020,DKI1,26,25,8,29,10,39,PM25,BAIK
